10760;Viruses;Duplodnaviria;Heunggongvirae;Uroviricota;Caudoviricetes;Autographiviridae;Studiervirinae;Teseptimavirus;Teseptimavirus T7;Escherichia phage T7
10760;Viruses;Duplodnaviria;Heunggongvirae;Uroviricota;Caudoviricetes;Autographiviridae;Studiervirinae;Teseptimavirus;Teseptimavirus T7;Escherichia phage T7
10760;Viruses;Duplodnaviria;Heunggongvirae;Uroviricota;Caudoviricetes;Autographiviridae;Studiervirinae;Teseptimavirus;Teseptimavirus T7;Escherichia phage T7
10760;Viruses;Duplodnaviria;Heunggongvirae;Uroviricota;Caudoviricetes;Autographiviridae;Studiervirinae;Teseptimavirus;Teseptimavirus T7;Escherichia phage T7
2802443;Viruses;Duplodnaviria;Heunggongvirae;Uroviricota;Caudoviricetes;Autographiviridae;Studiervirinae;Przondovirus;unclassified Przondovirus;Klebsiella phage TUN1
979539;Viruses;Duplodnaviria;Heunggongvirae;Uroviricota;Caudoviricetes;Autographiviridae;Studiervirinae;Chatterjeevirus;Chatterjeevirus ICP3;Vibrio phage ICP3_2009_B
979538;Viruses;Duplodnaviria;Heunggongvirae;Uroviricota;Caudoviricetes;Autographiviridae;Studiervirinae;Chatterjeevirus;Chatterjeevirus ICP3;Vibrio phage ICP3_2009_A
979537;Viruses;Duplodnaviria;Heunggongvirae;Uroviricota;Caudoviricetes;Autographiviridae;Studiervirinae;Chatterjeevirus;Chatterjeevirus ICP3;Vibrio phage ICP3_2008_A
979536;Viruses;Duplodnaviria;Heunggongvirae;Uroviricota;Caudoviricetes;Autographiviridae;Studiervirinae;Chatterjeevirus;Chatterjeevirus ICP3;Vibrio phage ICP3_2007_A
588068;Viruses;Duplodnaviria;Heunggongvirae;Uroviricota;Caudoviricetes;Autographiviridae;Studiervirinae;Chatterjeevirus;Chatterjeevirus VP4;Vibrio phage VP3
1176765;Viruses;Duplodnaviria;Heunggongvirae;Uroviricota;Caudoviricetes;Autographiviridae;Studiervirinae;Teseptimavirus;Teseptimavirus YpPY;Yersinia phage YpP-R
1262524;Viruses;Duplodnaviria;Heunggongvirae;Uroviricota;Caudoviricetes;Autographiviridae;Studiervirinae;Kayfunavirus;unclassified Kayfunavirus;Escherichia phage CLB_P1
1465639;Viruses;Duplodnaviria;Heunggongvirae;Uroviricota;Caudoviricetes;Autographiviridae;Lauvirus;Lauvirus lau218
1933109;Viruses;Duplodnaviria;Heunggongvirae;Uroviricota;Caudoviricetes;Autographiviridae;Molineuxvirinae;Vectrevirus;Vectrevirus cee;Escherichia phage vB_EcoP_D
2679891;Viruses;Duplodnaviria;Heunggongvirae;Uroviricota;Caudoviricetes;Autographiviridae;Molineuxvirinae;Vectrevirus;Vectrevirus K1E;Escherichia phage K1E
1965269;Viruses;Duplodnaviria;Heunggongvirae;Uroviricota;Caudoviricetes;Autographiviridae;Molineuxvirinae;Axomammavirus;Axomammavirus PP1;Pectobacterium phage POP72
1983607;Viruses;Duplodnaviria;Heunggongvirae;Uroviricota;Caudoviricetes;Autographiviridae;Studiervirinae;Chatterjeevirus;Chatterjeevirus ICP3;Vibrio phage JSF30
1983608;Viruses;Duplodnaviria;Heunggongvirae;Uroviricota;Caudoviricetes;Autographiviridae;Studiervirinae;Chatterjeevirus;Chatterjeevirus ICP3;Vibrio phage JSF31
1983612;Viruses;Duplodnaviria;Heunggongvirae;Uroviricota;Caudoviricetes;Autographiviridae;Studiervirinae;Chatterjeevirus;Chatterjeevirus ICP3;Vibrio phage JSF35
1983613;Viruses;Duplodnaviria;Heunggongvirae;Uroviricota;Caudoviricetes;Autographiviridae;Studiervirinae;Chatterjeevirus;Chatterjeevirus ICP3;Vibrio phage JSF36
1983602;Viruses;Duplodnaviria;Heunggongvirae;Uroviricota;Caudoviricetes;Autographiviridae;Studiervirinae;Chatterjeevirus;Chatterjeevirus ICP3;Vibrio phage JSF20
2100421;Viruses;Duplodnaviria;Heunggongvirae;Uroviricota;Caudoviricetes;environmental samples;uncultured Caudovirales phage
2100421;Viruses;Duplodnaviria;Heunggongvirae;Uroviricota;Caudoviricetes;environmental samples;uncultured Caudovirales phage
2052749;Viruses;Duplodnaviria;Heunggongvirae;Uroviricota;Caudoviricetes;Autographiviridae;Studiervirinae;Helsettvirus;Helsettvirus fPS9;Yersinia phage fPS-26
2052751;Viruses;Duplodnaviria;Heunggongvirae;Uroviricota;Caudoviricetes;Autographiviridae;Studiervirinae;Helsettvirus;Helsettvirus fPS9;Yersinia phage fPS-52
2052747;Viruses;Duplodnaviria;Heunggongvirae;Uroviricota;Caudoviricetes;Autographiviridae;Studiervirinae;Helsettvirus;Helsettvirus fPS9;Yersinia phage fPS-19
2026085;Viruses;Duplodnaviria;Heunggongvirae;Uroviricota;Caudoviricetes;Autographiviridae;Studiervirinae;Chatterjeevirus;Chatterjeevirus ICP3;Vibrio phage JSF25
2163980;Viruses;Duplodnaviria;Heunggongvirae;Uroviricota;Caudoviricetes;Autographiviridae;Studiervirinae;Pifdecavirus;Pifdecavirus pv22PfluR64PP;Pseudomonas phage 67PfluR64PP
2283017;Viruses;Duplodnaviria;Heunggongvirae;Uroviricota;Caudoviricetes;Autographiviridae;Pelagivirus;unclassified Pelagivirus;Pelagibacter phage HTVC031P
2283023;Viruses;Duplodnaviria;Heunggongvirae;Uroviricota;Caudoviricetes;Autographiviridae;Votkovvirus;unclassified Votkovvirus;Pelagibacter phage HTVC200P
2283019;Viruses;Duplodnaviria;Heunggongvirae;Uroviricota;Caudoviricetes;Autographiviridae;Pelagivirus;unclassified Pelagivirus;Pelagibacter phage HTVC109P
2500576;Viruses;Duplodnaviria;Heunggongvirae;Uroviricota;Caudoviricetes;Autographiviridae;Studiervirinae;Pektosvirus;unclassified Pektosvirus;Pectobacterium phage Q19
2508204;Viruses;Duplodnaviria;Heunggongvirae;Uroviricota;Caudoviricetes;Autographiviridae;Molineuxvirinae;Vectrevirus;unclassified Vectrevirus;Escherichia phage vB_EcoP_R4596
2307015;Viruses;Duplodnaviria;Heunggongvirae;Uroviricota;Caudoviricetes;Autographiviridae;Molineuxvirinae;unclassified Molineuxvirinae;Klebsiella phage K1-ULIP33
2307016;Viruses;Duplodnaviria;Heunggongvirae;Uroviricota;Caudoviricetes;Autographiviridae;Studiervirinae;Przondovirus;unclassified Przondovirus;Klebsiella phage Kund-ULIP47
2307017;Viruses;Duplodnaviria;Heunggongvirae;Uroviricota;Caudoviricetes;Autographiviridae;Studiervirinae;Przondovirus;unclassified Przondovirus;Klebsiella phage Kund-ULIP54
2510451;Viruses;Duplodnaviria;Heunggongvirae;Uroviricota;Caudoviricetes;Autographiviridae;Colwellvirinae;unclassified Colwellvirinae;Aeromonas phage MJG
2510450;Viruses;Duplodnaviria;Heunggongvirae;Uroviricota;Caudoviricetes;Autographiviridae;Colwellvirinae;unclassified Colwellvirinae;Aeromonas phage HJG
2530031;Viruses;Duplodnaviria;Heunggongvirae;Uroviricota;Caudoviricetes;Autographiviridae;Studiervirinae;Przondovirus;unclassified Przondovirus;Klebsiella phage vB_KpnP_FZ12
2562180;Viruses;Duplodnaviria;Heunggongvirae;Uroviricota;Caudoviricetes;Autographiviridae;Studiervirinae;Teetrevirus;unclassified Teetrevirus;Klebsiella phage Patroon
2562199;Viruses;Duplodnaviria;Heunggongvirae;Uroviricota;Caudoviricetes;Autographiviridae;Studiervirinae;Kayfunavirus;unclassified Kayfunavirus;Hafnia phage vB_HpaA_yong1
2565877;Viruses;Duplodnaviria;Heunggongvirae;Uroviricota;Caudoviricetes;Autographiviridae;Colwellvirinae;Kaohsiungvirus;unclassified Kaohsiungvirus;Vibrio phage vB_VpaP_MGD2
2591644;Viruses;unclassified viruses;unclassified DNA viruses;unclassified dsDNA viruses;Prokaryotic dsDNA virus sp.
2591644;Viruses;unclassified viruses;unclassified DNA viruses;unclassified dsDNA viruses;Prokaryotic dsDNA virus sp.
2591644;Viruses;unclassified viruses;unclassified DNA viruses;unclassified dsDNA viruses;Prokaryotic dsDNA virus sp.
2591102;Viruses;Duplodnaviria;Heunggongvirae;Uroviricota;Caudoviricetes;Autographiviridae;Studiervirinae;Kayfunavirus;unclassified Kayfunavirus;Escherichia phage Pisces
2591100;Viruses;Duplodnaviria;Heunggongvirae;Uroviricota;Caudoviricetes;Autographiviridae;Studiervirinae;Kayfunavirus;unclassified Kayfunavirus;Escherichia phage Peacock
2591101;Viruses;Duplodnaviria;Heunggongvirae;Uroviricota;Caudoviricetes;Autographiviridae;Studiervirinae;Kayfunavirus;unclassified Kayfunavirus;Escherichia phage Penshu1
2590872;Viruses;Duplodnaviria;Heunggongvirae;Uroviricota;Caudoviricetes;Autographiviridae;Studiervirinae;Przondovirus;unclassified Przondovirus;Klebsiella phage SH-KP152226
2587820;Viruses;Duplodnaviria;Heunggongvirae;Uroviricota;Caudoviricetes;Autographiviridae;Gyeongsanvirus;unclassified Gyeongsanvirus;Bordetella phage vB_BbrP_BB8
2591364;Viruses;Duplodnaviria;Heunggongvirae;Uroviricota;Caudoviricetes;Autographiviridae;Studiervirinae;Teetrevirus;unclassified Teetrevirus;Klebsiella phage vB_KpnP_Emp27
2591368;Viruses;Duplodnaviria;Heunggongvirae;Uroviricota;Caudoviricetes;Autographiviridae;Studiervirinae;Ningirsuvirus;unclassified Ningirsuvirus;Klebsiella phage vB_KpnP_Sibilus
2591373;Viruses;Duplodnaviria;Heunggongvirae;Uroviricota;Caudoviricetes;Autographiviridae;Studiervirinae;Ningirsuvirus;unclassified Ningirsuvirus;Klebsiella phage vB_KpnP_NahiliMali
2589655;Viruses;Duplodnaviria;Heunggongvirae;Uroviricota;Caudoviricetes;Autographiviridae;Studiervirinae;Teseptimavirus;unclassified Teseptimavirus;Salmonella phage C2
2591410;Viruses;Duplodnaviria;Heunggongvirae;Uroviricota;Caudoviricetes;Autographiviridae;Studiervirinae;Kayfunavirus;unclassified Kayfunavirus;Escherichia phage vB_EcoP-Ro103C3lw
2591402;Viruses;Duplodnaviria;Heunggongvirae;Uroviricota;Caudoviricetes;Autographiviridae;Studiervirinae;Berlinvirus;unclassified Berlinvirus;Escherichia phage vB_Eco_D226
2650875;Viruses;Duplodnaviria;Heunggongvirae;Uroviricota;Caudoviricetes;Autographiviridae;Studiervirinae;Teseptimavirus;unclassified Teseptimavirus;Serratia phage Pila
2601613;Viruses;Duplodnaviria;Heunggongvirae;Uroviricota;Caudoviricetes;Autographiviridae;Studiervirinae;Przondovirus;unclassified Przondovirus;Klebsiella phage KMI2
2601615;Viruses;Duplodnaviria;Heunggongvirae;Uroviricota;Caudoviricetes;Autographiviridae;Studiervirinae;Przondovirus;unclassified Przondovirus;Klebsiella phage KMI4
2601621;Viruses;Duplodnaviria;Heunggongvirae;Uroviricota;Caudoviricetes;Autographiviridae;Studiervirinae;Przondovirus;unclassified Przondovirus;Klebsiella phage KPN3
2601666;Viruses;Duplodnaviria;Heunggongvirae;Uroviricota;Caudoviricetes;Autographiviridae;Studiervirinae;Przondovirus;unclassified Przondovirus;Klebsiella phage 117
2601667;Viruses;Duplodnaviria;Heunggongvirae;Uroviricota;Caudoviricetes;Autographiviridae;Studiervirinae;Teetrevirus;unclassified Teetrevirus;Klebsiella phage 31
2601649;Viruses;Duplodnaviria;Heunggongvirae;Uroviricota;Caudoviricetes;Autographiviridae;Studiervirinae;Przondovirus;unclassified Przondovirus;Klebsiella phage vB_KpnP_IME335
2601676;Viruses;Duplodnaviria;Heunggongvirae;Uroviricota;Caudoviricetes;Autographiviridae;Studiervirinae;Kayfunavirus;unclassified Kayfunavirus;Escherichia virus ECG4
2601639;Viruses;Duplodnaviria;Heunggongvirae;Uroviricota;Caudoviricetes;Autographiviridae;Studiervirinae;Berlinvirus;unclassified Berlinvirus;Salmonella phage LPST144
2653657;Viruses;Duplodnaviria;Heunggongvirae;Uroviricota;Caudoviricetes;Autographiviridae;Molineuxvirinae;Vectrevirus;unclassified Vectrevirus;Escherichia phage vB_EcolP_P433.1
2600100;Viruses;Duplodnaviria;Heunggongvirae;Uroviricota;Caudoviricetes;Autographiviridae;Studiervirinae;Kayfunavirus;unclassified Kayfunavirus;Escherichia phage RDN8.1
2653642;Viruses;Duplodnaviria;Heunggongvirae;Uroviricota;Caudoviricetes;Autographiviridae;Studiervirinae;Przondovirus;unclassified Przondovirus;Klebsiella phage AmPh_EK52
2653646;Viruses;Duplodnaviria;Heunggongvirae;Uroviricota;Caudoviricetes;Autographiviridae;Studiervirinae;Elunavirus;unclassified Elunavirus;Pantoea phage vB_PagP-SK1
2662139;Viruses;Duplodnaviria;Heunggongvirae;Uroviricota;Caudoviricetes;Autographiviridae;unclassified Autographiviridae;Bacteriophage Reminis
2698729;Viruses;Duplodnaviria;Heunggongvirae;Uroviricota;Caudoviricetes;Autographiviridae;Studiervirinae;Teseptimavirus;unclassified Teseptimavirus;Escherichia phage vB_EcoP_PHB19
2651149;Viruses;Duplodnaviria;Heunggongvirae;Uroviricota;Caudoviricetes;Autographiviridae;Studiervirinae;Kayfunavirus;unclassified Kayfunavirus;Escherichia phage vB_EcoP_PR_Kaz2018
2675210;Viruses;Duplodnaviria;Heunggongvirae;Uroviricota;Caudoviricetes;Autographiviridae;Gyeongsanvirus;Gyeongsanvirus RsoP1EGY;Ralstonia phage vRsoP-WF2
2675211;Viruses;Duplodnaviria;Heunggongvirae;Uroviricota;Caudoviricetes;Autographiviridae;Gyeongsanvirus;Gyeongsanvirus RsoP1EGY;Ralstonia phage vRsoP-WM2
2766968;Viruses;Duplodnaviria;Heunggongvirae;Uroviricota;Caudoviricetes;Autographiviridae;Studiervirinae;Kayfunavirus;unclassified Kayfunavirus;Citrobacter phage NS1
2686377;Viruses;Duplodnaviria;Heunggongvirae;Uroviricota;Caudoviricetes;Autographiviridae;Studiervirinae;Ghunavirus;Ghunavirus PSA2;Pseudomonas phage CHF7
2686374;Viruses;Duplodnaviria;Heunggongvirae;Uroviricota;Caudoviricetes;Autographiviridae;Studiervirinae;Ghunavirus;Ghunavirus PSA2;Pseudomonas phage CHF19
2686284;Viruses;Duplodnaviria;Heunggongvirae;Uroviricota;Caudoviricetes;Autographiviridae;Colwellvirinae;Kaohsiungvirus;unclassified Kaohsiungvirus;Vibrio phage VP-HS15
2832643;Viruses;Duplodnaviria;Heunggongvirae;Uroviricota;Caudoviricetes;unclassified Caudoviricetes;Caudoviricetes sp.
2832643;Viruses;Duplodnaviria;Heunggongvirae;Uroviricota;Caudoviricetes;unclassified Caudoviricetes;Caudoviricetes sp.
2832643;Viruses;Duplodnaviria;Heunggongvirae;Uroviricota;Caudoviricetes;unclassified Caudoviricetes;Caudoviricetes sp.
2759120;Viruses;Duplodnaviria;Heunggongvirae;Uroviricota;Caudoviricetes;Autographiviridae;unclassified Autographiviridae;Caulobacter phage S2B
2711169;Viruses;Duplodnaviria;Heunggongvirae;Uroviricota;Caudoviricetes;Autographiviridae;Studiervirinae;Ghunavirus;unclassified Ghunavirus;Pseudomonas phage MR1
2711170;Viruses;Duplodnaviria;Heunggongvirae;Uroviricota;Caudoviricetes;Autographiviridae;Studiervirinae;Ghunavirus;unclassified Ghunavirus;Pseudomonas phage MR2
2711171;Viruses;Duplodnaviria;Heunggongvirae;Uroviricota;Caudoviricetes;Autographiviridae;Gajwadongvirus;unclassified Gajwadongvirus;Pseudomonas phage MR4
2736189;Viruses;Duplodnaviria;Heunggongvirae;Uroviricota;Caudoviricetes;Autographiviridae;Studiervirinae;Teseptimavirus;unclassified Teseptimavirus;Enterococcus phage EFA-2
2736204;Viruses;Duplodnaviria;Heunggongvirae;Uroviricota;Caudoviricetes;Autographiviridae;Studiervirinae;Berlinvirus;Berlinvirus Yepf;Yersinia phage vB_YpP_T3
2736225;Viruses;Duplodnaviria;Heunggongvirae;Uroviricota;Caudoviricetes;Autographiviridae;unclassified Autographiviridae;Pelagibacter phage Bylgja EXVC010P
2736226;Viruses;Duplodnaviria;Heunggongvirae;Uroviricota;Caudoviricetes;Autographiviridae;Pelagivirus;unclassified Pelagivirus;Pelagibacter phage Eistla EXVC025P
2736256;Viruses;Duplodnaviria;Heunggongvirae;Uroviricota;Caudoviricetes;Autographiviridae;Studiervirinae;Teetrevirus;Teetrevirus SM93Y;Serratia phage SALSA
2735125;Viruses;Duplodnaviria;Heunggongvirae;Uroviricota;Caudoviricetes;Autographiviridae;Ashivirus;unclassified Ashivirus;Synechococcus phage S-SBP1
2736260;Viruses;Duplodnaviria;Heunggongvirae;Uroviricota;Caudoviricetes;Autographiviridae;Studiervirinae;Przondovirus;unclassified Przondovirus;Klebsiella phage Kp_Pokalde_002
2736274;Viruses;Duplodnaviria;Heunggongvirae;Uroviricota;Caudoviricetes;Autographiviridae;Studiervirinae;Foetvirus;Foetvirus SRT7;Escherichia phage P1723
2743962;Viruses;Duplodnaviria;Heunggongvirae;Uroviricota;Caudoviricetes;Autographiviridae;Studiervirinae;Kayfunavirus;unclassified Kayfunavirus;Escherichia phage Mt1B1_P3
2743960;Viruses;Duplodnaviria;Heunggongvirae;Uroviricota;Caudoviricetes;Autographiviridae;Molineuxvirinae;Vectrevirus;unclassified Vectrevirus;Escherichia phage Mt1B1_P10
2744002;Viruses;Duplodnaviria;Heunggongvirae;Uroviricota;Caudoviricetes;Autographiviridae;Studiervirinae;Berlinvirus;unclassified Berlinvirus;Escherichia phage PhiV-1
2748341;Viruses;Duplodnaviria;Heunggongvirae;Uroviricota;Caudoviricetes;Autographiviridae;Studiervirinae;Przondovirus;unclassified Przondovirus;Klebsiella phage P509
2749302;Viruses;Duplodnaviria;Heunggongvirae;Uroviricota;Caudoviricetes;Autographiviridae;Studiervirinae;Teseptimavirus;unclassified Teseptimavirus;Serratia phage vB_SmaP-UFV01
2759125;Viruses;Duplodnaviria;Heunggongvirae;Uroviricota;Caudoviricetes;Autographiviridae;Studiervirinae;Berlinvirus;unclassified Berlinvirus;Enterobacter phage PZJ0206
2759188;Viruses;Duplodnaviria;Heunggongvirae;Uroviricota;Caudoviricetes;Autographiviridae;Molineuxvirinae;unclassified Molineuxvirinae;Proteus phage PmP19
2755143;Viruses;Duplodnaviria;Heunggongvirae;Uroviricota;Caudoviricetes;Autographiviridae;Studiervirinae;Teseptimavirus;unclassified Teseptimavirus;Aeromonas phage PZL-Ah1
2750854;Viruses;Duplodnaviria;Heunggongvirae;Uroviricota;Caudoviricetes;Autographiviridae;Studiervirinae;Kayfunavirus;unclassified Kayfunavirus;Escherichia phage vB_EcoP_SP7
2762287;Viruses;Duplodnaviria;Heunggongvirae;Uroviricota;Caudoviricetes;Autographiviridae;Studiervirinae;Troedvirus;unclassified Troedvirus;Pseudomonas phage Stalingrad
2762290;Viruses;Duplodnaviria;Heunggongvirae;Uroviricota;Caudoviricetes;Autographiviridae;Studiervirinae;Ghunavirus;unclassified Ghunavirus;Pseudomonas phage Waldo5
2762289;Viruses;Duplodnaviria;Heunggongvirae;Uroviricota;Caudoviricetes;Autographiviridae;Studiervirinae;Ghunavirus;unclassified Ghunavirus;Pseudomonas phage PlaquesPlease
2759196;Viruses;Duplodnaviria;Heunggongvirae;Uroviricota;Caudoviricetes;Autographiviridae;Studiervirinae;unclassified Studiervirinae;Aeromonas phage T7-Ah
2762279;Viruses;Duplodnaviria;Heunggongvirae;Uroviricota;Caudoviricetes;Autographiviridae;Studiervirinae;Kayfunavirus;unclassified Kayfunavirus;Escherichia phage TM1
2769330;Viruses;Duplodnaviria;Heunggongvirae;Uroviricota;Caudoviricetes;Autographiviridae;Studiervirinae;Przondovirus;unclassified Przondovirus;Klebsiella phage NL_ZS_1
2769331;Viruses;Duplodnaviria;Heunggongvirae;Uroviricota;Caudoviricetes;Autographiviridae;Studiervirinae;Przondovirus;Przondovirus SHKp152234;Klebsiella phage NL_ZS_2
2769332;Viruses;Duplodnaviria;Heunggongvirae;Uroviricota;Caudoviricetes;Autographiviridae;Studiervirinae;Teetrevirus;unclassified Teetrevirus;Klebsiella phage NL_ZS_3
2772019;Viruses;Duplodnaviria;Heunggongvirae;Uroviricota;Caudoviricetes;Autographiviridae;Studiervirinae;Ningirsuvirus;unclassified Ningirsuvirus;Erwinia phage pEp_SNUABM_12
2775261;Viruses;Duplodnaviria;Heunggongvirae;Uroviricota;Caudoviricetes;Autographiviridae;Studiervirinae;Kayfunavirus;unclassified Kayfunavirus;Escherichia phage vB_EcoP-U8
2767198;Viruses;Duplodnaviria;Heunggongvirae;Uroviricota;Caudoviricetes;Autographiviridae;Wuhanvirus;Wuhanvirus PHB02;Pasteurella phage vB_PmuP_Pa7
2776766;Viruses;Duplodnaviria;Heunggongvirae;Uroviricota;Caudoviricetes;Autographiviridae;Colwellvirinae;Uliginvirus;unclassified Uliginvirus;Pseudomonas phage BUCT553
2777229;Viruses;Duplodnaviria;Heunggongvirae;Uroviricota;Caudoviricetes;Autographiviridae;Studiervirinae;Przondovirus;unclassified Przondovirus;Klebsiella phage P510
2777230;Viruses;Duplodnaviria;Heunggongvirae;Uroviricota;Caudoviricetes;Autographiviridae;Studiervirinae;Przondovirus;unclassified Przondovirus;Klebsiella phage P560
2768689;Viruses;Duplodnaviria;Heunggongvirae;Uroviricota;Caudoviricetes;Autographiviridae;Studiervirinae;Unyawovirus;Unyawovirus DUPPII;Pectobacterium phage phiPccP-1
2777321;Viruses;Duplodnaviria;Heunggongvirae;Uroviricota;Caudoviricetes;Autographiviridae;Paadamvirus;unclassified Paadamvirus;Rhizobium phage vB_RleA_TRX32-1
2777382;Viruses;Duplodnaviria;Heunggongvirae;Uroviricota;Caudoviricetes;Autographiviridae;Studiervirinae;Przondovirus;unclassified Przondovirus;Klebsiella phage 066013
2777384;Viruses;Duplodnaviria;Heunggongvirae;Uroviricota;Caudoviricetes;Autographiviridae;Studiervirinae;Przondovirus;unclassified Przondovirus;Klebsiella phage 066019
2777385;Viruses;Duplodnaviria;Heunggongvirae;Uroviricota;Caudoviricetes;Autographiviridae;Studiervirinae;Przondovirus;unclassified Przondovirus;Klebsiella phage 066022
2777386;Viruses;Duplodnaviria;Heunggongvirae;Uroviricota;Caudoviricetes;Autographiviridae;Studiervirinae;Przondovirus;unclassified Przondovirus;Klebsiella phage 066023
2777387;Viruses;Duplodnaviria;Heunggongvirae;Uroviricota;Caudoviricetes;Autographiviridae;Studiervirinae;Przondovirus;Przondovirus Kp1;Klebsiella phage 066024
2777395;Viruses;Duplodnaviria;Heunggongvirae;Uroviricota;Caudoviricetes;Autographiviridae;Studiervirinae;Przondovirus;unclassified Przondovirus;Klebsiella phage 066037
2777398;Viruses;Duplodnaviria;Heunggongvirae;Uroviricota;Caudoviricetes;Autographiviridae;Studiervirinae;Przondovirus;unclassified Przondovirus;Klebsiella phage 066041
2777401;Viruses;Duplodnaviria;Heunggongvirae;Uroviricota;Caudoviricetes;Autographiviridae;Studiervirinae;Przondovirus;unclassified Przondovirus;Klebsiella phage 066046
2777402;Viruses;Duplodnaviria;Heunggongvirae;Uroviricota;Caudoviricetes;Autographiviridae;Studiervirinae;Przondovirus;unclassified Przondovirus;Klebsiella phage 066053
2777403;Viruses;Duplodnaviria;Heunggongvirae;Uroviricota;Caudoviricetes;Autographiviridae;Studiervirinae;Przondovirus;unclassified Przondovirus;Klebsiella phage 066056
2783544;Viruses;Duplodnaviria;Heunggongvirae;Uroviricota;Caudoviricetes;Autographiviridae;Studiervirinae;unclassified Studiervirinae;Providencia phage PSTCR2
2744409;Viruses;Duplodnaviria;Heunggongvirae;Uroviricota;Caudoviricetes;Autographiviridae;Studiervirinae;Teseptimavirus;unclassified Teseptimavirus;Escherichia phage JB01
2801381;Viruses;Duplodnaviria;Heunggongvirae;Uroviricota;Caudoviricetes;Autographiviridae;Studiervirinae;Kayfunavirus;unclassified Kayfunavirus;Kosakonia phage Kc166A
2794847;Viruses;Duplodnaviria;Heunggongvirae;Uroviricota;Caudoviricetes;Autographiviridae;Studiervirinae;Teetrevirus;unclassified Teetrevirus;Klebsiella phage Kpn-11mx
2797305;Viruses;Duplodnaviria;Heunggongvirae;Uroviricota;Caudoviricetes;Autographiviridae;Studiervirinae;Kayfunavirus;unclassified Kayfunavirus;Cronobacter phage vB_CtuP_B1
2800828;Viruses;Duplodnaviria;Heunggongvirae;Uroviricota;Caudoviricetes;Autographiviridae;Studiervirinae;Minipunavirus;unclassified Minipunavirus;Providencia phage PSTRCR_128
2798045;Viruses;Duplodnaviria;Heunggongvirae;Uroviricota;Caudoviricetes;Autographiviridae;Studiervirinae;Berlinvirus;unclassified Berlinvirus;Pectobacterium phage PcCB251
2801836;Viruses;Duplodnaviria;Heunggongvirae;Uroviricota;Caudoviricetes;Autographiviridae;Molineuxvirinae;unclassified Molineuxvirinae;Klebsiella phage vB_KpP_FBKp16
2801482;Viruses;Duplodnaviria;Heunggongvirae;Uroviricota;Caudoviricetes;Autographiviridae;Studiervirinae;Kayfunavirus;unclassified Kayfunavirus;Salmonella phage vB Seyj3-1
2812888;Viruses;Duplodnaviria;Heunggongvirae;Uroviricota;Caudoviricetes;Autographiviridae;Studiervirinae;Teetrevirus;unclassified Teetrevirus;Klebsiella phage KPP-5
2820393;Viruses;Duplodnaviria;Heunggongvirae;Uroviricota;Caudoviricetes;Autographiviridae;Studiervirinae;unclassified Studiervirinae;Aeromonas phage PZL-Ah152
2829366;Viruses;Duplodnaviria;Heunggongvirae;Uroviricota;Caudoviricetes;Autographiviridae;Studiervirinae;Kayfunavirus;unclassified Kayfunavirus;Enterobacter phage IME278
2831181;Viruses;Duplodnaviria;Heunggongvirae;Uroviricota;Caudoviricetes;Autographiviridae;Studiervirinae;Kayfunavirus;unclassified Kayfunavirus;Escherichia phage P762
2829847;Viruses;Duplodnaviria;Heunggongvirae;Uroviricota;Caudoviricetes;Autographiviridae;Studiervirinae;Teseptimavirus;unclassified Teseptimavirus;Escherichia phage vB_EcoP_SYGE1
2836134;Viruses;Duplodnaviria;Heunggongvirae;Uroviricota;Caudoviricetes;Autographiviridae;Paadamvirus;unclassified Paadamvirus;Rhizobium phage RHEph21
2859518;Viruses;Duplodnaviria;Heunggongvirae;Uroviricota;Caudoviricetes;Autographiviridae;Studiervirinae;Teseptimavirus;unclassified Teseptimavirus;Edwardsiella phage PVN09
2849096;Viruses;Duplodnaviria;Heunggongvirae;Uroviricota;Caudoviricetes;Autographiviridae;Studiervirinae;Kayfunavirus;unclassified Kayfunavirus;Enterobacter phage EV136_1
2865786;Viruses;Duplodnaviria;Heunggongvirae;Uroviricota;Caudoviricetes;Autographiviridae;Studiervirinae;Kayfunavirus;Kayfunavirus LM33P1;Escherichia phage vB_EcoP-22664BS1
2865788;Viruses;Duplodnaviria;Heunggongvirae;Uroviricota;Caudoviricetes;Autographiviridae;Studiervirinae;Kayfunavirus;unclassified Kayfunavirus;Escherichia phage vB_EcoP-22664UKE3-2
2865789;Viruses;Duplodnaviria;Heunggongvirae;Uroviricota;Caudoviricetes;Autographiviridae;Molineuxvirinae;Vectrevirus;unclassified Vectrevirus;Escherichia phage vB_EcoP-101101UKE1
2865798;Viruses;Duplodnaviria;Heunggongvirae;Uroviricota;Caudoviricetes;Autographiviridae;Studiervirinae;Kayfunavirus;Kayfunavirus LM33P1;Escherichia phage vB_EcoP-101118UKE1
2865799;Viruses;Duplodnaviria;Heunggongvirae;Uroviricota;Caudoviricetes;Autographiviridae;Studiervirinae;Kayfunavirus;unclassified Kayfunavirus;Escherichia phage vB_EcoP-101120B1-2
2865800;Viruses;Duplodnaviria;Heunggongvirae;Uroviricota;Caudoviricetes;Autographiviridae;Studiervirinae;Kayfunavirus;unclassified Kayfunavirus;Escherichia phage vB_EcoP-101120B2
2865801;Viruses;Duplodnaviria;Heunggongvirae;Uroviricota;Caudoviricetes;Autographiviridae;Studiervirinae;Kayfunavirus;Kayfunavirus LM33P1;Escherichia phage vB_EcoP-101136BS1
2865826;Viruses;Duplodnaviria;Heunggongvirae;Uroviricota;Caudoviricetes;Autographiviridae;Molineuxvirinae;Vectrevirus;unclassified Vectrevirus;Escherichia phage vB_EcoP-UTI89UKE2
10760;Viruses;Duplodnaviria;Heunggongvirae;Uroviricota;Caudoviricetes;Autographiviridae;Studiervirinae;Teseptimavirus;Teseptimavirus T7;Escherichia phage T7
10760;Viruses;Duplodnaviria;Heunggongvirae;Uroviricota;Caudoviricetes;Autographiviridae;Studiervirinae;Teseptimavirus;Teseptimavirus T7;Escherichia phage T7
2850656;Viruses;Duplodnaviria;Heunggongvirae;Uroviricota;Caudoviricetes;Autographiviridae;Studiervirinae;Teetrevirus;unclassified Teetrevirus;Klebsiella phage 066044
2860373;Viruses;Duplodnaviria;Heunggongvirae;Uroviricota;Caudoviricetes;Autographiviridae;Molineuxvirinae;unclassified Molineuxvirinae;Klebsiella phage IME184
2860372;Viruses;Duplodnaviria;Heunggongvirae;Uroviricota;Caudoviricetes;Autographiviridae;Studiervirinae;Przondovirus;unclassified Przondovirus;Klebsiella phage IME183
2860370;Viruses;Duplodnaviria;Heunggongvirae;Uroviricota;Caudoviricetes;Autographiviridae;Studiervirinae;Kayfunavirus;unclassified Kayfunavirus;Enterobacteria phage IME177
2851034;Viruses;Duplodnaviria;Heunggongvirae;Uroviricota;Caudoviricetes;Autographiviridae;Studiervirinae;Przondovirus;unclassified Przondovirus;Klebsiella phage vB_KoxP_ZX8
2852039;Viruses;Duplodnaviria;Heunggongvirae;Uroviricota;Caudoviricetes;Autographiviridae;Studiervirinae;Berlinvirus;unclassified Berlinvirus;Escherichia phage CarlSpitteler
2852038;Viruses;Duplodnaviria;Heunggongvirae;Uroviricota;Caudoviricetes;Autographiviridae;Studiervirinae;Berlinvirus;unclassified Berlinvirus;Escherichia phage ErnstBeyeler
2852037;Viruses;Duplodnaviria;Heunggongvirae;Uroviricota;Caudoviricetes;Autographiviridae;Studiervirinae;Teseptimavirus;unclassified Teseptimavirus;Escherichia phage JacobBurckhardt
2852036;Viruses;Duplodnaviria;Heunggongvirae;Uroviricota;Caudoviricetes;Autographiviridae;Studiervirinae;Teseptimavirus;unclassified Teseptimavirus;Escherichia phage JeanTinguely
2869574;Viruses;Duplodnaviria;Heunggongvirae;Uroviricota;Caudoviricetes;Autographiviridae;Studiervirinae;Ghunavirus;unclassified Ghunavirus;Pseudomonas phage AH05
2866700;Viruses;Duplodnaviria;Heunggongvirae;Uroviricota;Caudoviricetes;Autographiviridae;Studiervirinae;Przondovirus;unclassified Przondovirus;Klebsiella phage vB_KpnP-VAC71
2866659;Viruses;Duplodnaviria;Heunggongvirae;Uroviricota;Caudoviricetes;Autographiviridae;Molineuxvirinae;Zindervirus;Zindervirus UAB78;Salmonella phage vB_SenAt-pSL2
2866662;Viruses;Duplodnaviria;Heunggongvirae;Uroviricota;Caudoviricetes;Autographiviridae;Studiervirinae;Kayfunavirus;unclassified Kayfunavirus;Escherichia phage vB_EcoP_IMEP24
2873444;Viruses;Duplodnaviria;Heunggongvirae;Uroviricota;Caudoviricetes;Autographiviridae;Studiervirinae;Kayfunavirus;unclassified Kayfunavirus;Escherichia phage vB_EcoA_ASO2B
1332140;Viruses;Duplodnaviria;Heunggongvirae;Uroviricota;Caudoviricetes;Autographiviridae;Voetvirus;unclassified Voetvirus;Synechococcus T7-like virus S-TIP28
2873453;Viruses;Duplodnaviria;Heunggongvirae;Uroviricota;Caudoviricetes;Autographiviridae;Studiervirinae;Ghunavirus;unclassified Ghunavirus;Pseudomonas phage JOR
2873459;Viruses;Duplodnaviria;Heunggongvirae;Uroviricota;Caudoviricetes;Autographiviridae;Studiervirinae;Ghunavirus;unclassified Ghunavirus;Pseudomonas phage SNK
2873402;Viruses;Duplodnaviria;Heunggongvirae;Uroviricota;Caudoviricetes;Autographiviridae;Studiervirinae;Teseptimavirus;unclassified Teseptimavirus;Enterobacteria phage AH67C600_Q5
2870529;Viruses;Duplodnaviria;Heunggongvirae;Uroviricota;Caudoviricetes;Autographiviridae;Studiervirinae;unclassified Studiervirinae;Aeromonas phage PZL-Ah8
2873462;Viruses;Duplodnaviria;Heunggongvirae;Uroviricota;Caudoviricetes;Autographiviridae;Studiervirinae;Kayfunavirus;unclassified Kayfunavirus;Salmonella phage PRF-SP1
2876729;Viruses;Duplodnaviria;Heunggongvirae;Uroviricota;Caudoviricetes;Autographiviridae;Molineuxvirinae;Vectrevirus;unclassified Vectrevirus;Escherichia phage ULINTec4
2876730;Viruses;Duplodnaviria;Heunggongvirae;Uroviricota;Caudoviricetes;Autographiviridae;Molineuxvirinae;Vectrevirus;unclassified Vectrevirus;Escherichia phage ULINTec6
2876731;Viruses;Duplodnaviria;Heunggongvirae;Uroviricota;Caudoviricetes;Autographiviridae;Molineuxvirinae;Vectrevirus;unclassified Vectrevirus;Escherichia phage ULINTec7
110457;Viruses;Duplodnaviria;Heunggongvirae;Uroviricota;Caudoviricetes;Autographiviridae;Studiervirinae;Teetrevirus;Teetrevirus YeO312;Yersinia phage phiYeO3-12
10760;Viruses;Duplodnaviria;Heunggongvirae;Uroviricota;Caudoviricetes;Autographiviridae;Studiervirinae;Teseptimavirus;Teseptimavirus T7;Escherichia phage T7
10759;Viruses;Duplodnaviria;Heunggongvirae;Uroviricota;Caudoviricetes;Autographiviridae;Studiervirinae;Teetrevirus;Teetrevirus T3Luria;Enterobacteria phage T3
2905923;Viruses;Duplodnaviria;Heunggongvirae;Uroviricota;Caudoviricetes;Autographiviridae;Tiilvirus;Tiilvirus P60;Synechococcus phage P60
227720;Viruses;Duplodnaviria;Heunggongvirae;Uroviricota;Caudoviricetes;Autographiviridae;Studiervirinae;Teseptimavirus;Teseptimavirus YpPY;Yersinia phage phiA1122
2907955;Viruses;Duplodnaviria;Heunggongvirae;Uroviricota;Caudoviricetes;Autographiviridae;Molineuxvirinae;Zindervirus;Zindervirus SP6;Salmonella phage SP6
2908095;Viruses;Duplodnaviria;Heunggongvirae;Uroviricota;Caudoviricetes;Autographiviridae;Tiamatvirus;Tiamatvirus PSSP7;Prochlorococcus phage P-SSP7
329886;Viruses;Duplodnaviria;Heunggongvirae;Uroviricota;Caudoviricetes;Autographiviridae;Studiervirinae;Chatterjeevirus;Chatterjeevirus VP4;Vibrio phage VP4
344021;Viruses;Duplodnaviria;Heunggongvirae;Uroviricota;Caudoviricetes;Autographiviridae;Studiervirinae;Kayfunavirus;Kayfunavirus K1F;Escherichia phage K1F
2679891;Viruses;Duplodnaviria;Heunggongvirae;Uroviricota;Caudoviricetes;Autographiviridae;Molineuxvirinae;Vectrevirus;Vectrevirus K1E;Escherichia phage K1E
2681604;Viruses;Duplodnaviria;Heunggongvirae;Uroviricota;Caudoviricetes;Autographiviridae;Molineuxvirinae;Vectrevirus;Vectrevirus K15;Escherichia phage K1-5
418443;Viruses;Duplodnaviria;Heunggongvirae;Uroviricota;Caudoviricetes;Autographiviridae;Molineuxvirinae;Eracentumvirus;Eracentumvirus era103;Erwinia phage Era103
2914003;Viruses;Duplodnaviria;Heunggongvirae;Uroviricota;Caudoviricetes;Autographiviridae;Voetvirus;Voetvirus syn5;Synechococcus phage Syn5
529929;Viruses;Duplodnaviria;Heunggongvirae;Uroviricota;Caudoviricetes;Autographiviridae;Studiervirinae;Teetrevirus;Teetrevirus SGJL2;Salmonella phage phiSG-JL2
532078;Viruses;Duplodnaviria;Heunggongvirae;Uroviricota;Caudoviricetes;Autographiviridae;Studiervirinae;Berlinvirus;Berlinvirus Yepe2;Yersinia phage Yepe2
532074;Viruses;Duplodnaviria;Heunggongvirae;Uroviricota;Caudoviricetes;Autographiviridae;Studiervirinae;Berlinvirus;Berlinvirus BA14;Escherichia phage BA14
532075;Viruses;Duplodnaviria;Heunggongvirae;Uroviricota;Caudoviricetes;Autographiviridae;Studiervirinae;Kayfunavirus;Kayfunavirus EcoDS1;Escherichia phage EcoDS1
532077;Viruses;Duplodnaviria;Heunggongvirae;Uroviricota;Caudoviricetes;Autographiviridae;Studiervirinae;Przondovirus;Przondovirus K11;Klebsiella phage K11
532076;Viruses;Duplodnaviria;Heunggongvirae;Uroviricota;Caudoviricetes;Autographiviridae;Studiervirinae;Teseptimavirus;Teseptimavirus 13a;Escherichia phage 13a
526118;Viruses;Duplodnaviria;Heunggongvirae;Uroviricota;Caudoviricetes;Autographiviridae;Studiervirinae;Minipunavirus;Minipunavirus MmP1;Morganella phage MmP1
47049;Viruses;Duplodnaviria;Heunggongvirae;Uroviricota;Caudoviricetes;Autographiviridae;Studiervirinae;Berlinvirus;Berlinvirus Kvp1;Kluyvera phage Kvp1
674082;Viruses;Duplodnaviria;Heunggongvirae;Uroviricota;Caudoviricetes;Autographiviridae;Studiervirinae;Przondovirus;Przondovirus KP32;Klebsiella phage KP32
644563;Viruses;Duplodnaviria;Heunggongvirae;Uroviricota;Caudoviricetes;Autographiviridae;Studiervirinae;Chatterjeevirus;Chatterjeevirus N4;Vibrio phage N4
979535;Viruses;Duplodnaviria;Heunggongvirae;Uroviricota;Caudoviricetes;Autographiviridae;Studiervirinae;Chatterjeevirus;Chatterjeevirus ICP3;Vibrio phage ICP3
988656;Viruses;Duplodnaviria;Heunggongvirae;Uroviricota;Caudoviricetes;Autographiviridae;Studiervirinae;Troedvirus;Troedvirus Phi15;Pseudomonas phage phi15
669008;Viruses;Duplodnaviria;Heunggongvirae;Uroviricota;Caudoviricetes;Autographiviridae;Studiervirinae;Berlinvirus;Berlinvirus 285P;Escherichia phage 285P
942165;Viruses;Duplodnaviria;Heunggongvirae;Uroviricota;Caudoviricetes;Autographiviridae;Studiervirinae;Pifdecavirus;Pifdecavirus IBBPF7A;Pseudomonas phage phiIBB-PF7A
866889;Viruses;Duplodnaviria;Heunggongvirae;Uroviricota;Caudoviricetes;Autographiviridae;Studiervirinae;Teseptimavirus;Teseptimavirus Vi06;Salmonella phage Vi06
1041524;Viruses;Duplodnaviria;Heunggongvirae;Uroviricota;Caudoviricetes;Autographiviridae;Studiervirinae;Przondovirus;Przondovirus K30;Escherichia phage K30
444875;Viruses;Duplodnaviria;Heunggongvirae;Uroviricota;Caudoviricetes;Autographiviridae;Tangaroavirus;Tangaroavirus tv951510a;Cyanophage 9515-10a
1141139;Viruses;Duplodnaviria;Heunggongvirae;Uroviricota;Caudoviricetes;Autographiviridae;Molineuxvirinae;Vectrevirus;Vectrevirus ACGC91;Escherichia phage vB_EcoP_ACG-C91
1239382;Viruses;Duplodnaviria;Heunggongvirae;Uroviricota;Caudoviricetes;Autographiviridae;Studiervirinae;Teseptimavirus;Teseptimavirus IME15;Stenotrophomonas phage IME15
1051673;Viruses;Duplodnaviria;Heunggongvirae;Uroviricota;Caudoviricetes;Autographiviridae;Studiervirinae;Elunavirus;Elunavirus L1;Erwinia phage vB_EamP-L1
1217810;Viruses;Duplodnaviria;Heunggongvirae;Uroviricota;Caudoviricetes;Autographiviridae;Molineuxvirinae;Axomammavirus;Axomammavirus PP1;Pectobacterium phage PP1
979726;Viruses;Duplodnaviria;Heunggongvirae;Uroviricota;Caudoviricetes;Autographiviridae;Molineuxvirinae;Zindervirus;Zindervirus UAB78;Escherichia phage UAB_Phi78
1283079;Viruses;Duplodnaviria;Heunggongvirae;Uroviricota;Caudoviricetes;Autographiviridae;Pelagivirus;Pelagivirus HTVC019P;Pelagibacter phage HTVC019P
616674;Viruses;Duplodnaviria;Heunggongvirae;Uroviricota;Caudoviricetes;Autographiviridae;Banchanvirus;Banchanvirus SS1201;Cyanophage SS120-1
1204538;Viruses;Duplodnaviria;Heunggongvirae;Uroviricota;Caudoviricetes;Autographiviridae;Studiervirinae;Pifdecavirus;Pifdecavirus PhiS1;Pseudomonas phage Phi-S1
1407608;Viruses;Duplodnaviria;Heunggongvirae;Uroviricota;Caudoviricetes;Autographiviridae;Studiervirinae;Berlinvirus;Berlinvirus FE44;Erwinia phage FE44
1279083;Viruses;Duplodnaviria;Heunggongvirae;Uroviricota;Caudoviricetes;Autographiviridae;Studiervirinae;Phutvirus;Phutvirus PPpW4;Pseudomonas phage PPpW-4
1455076;Viruses;Duplodnaviria;Heunggongvirae;Uroviricota;Caudoviricetes;Autographiviridae;Studiervirinae;Caroctavirus;Caroctavirus CR8;Citrobacter phage CR8
1410331;Viruses;Duplodnaviria;Heunggongvirae;Uroviricota;Caudoviricetes;Autographiviridae;Studiervirinae;Kayfunavirus;Kayfunavirus Dev2;Cronobacter phage Dev2
1455075;Viruses;Duplodnaviria;Heunggongvirae;Uroviricota;Caudoviricetes;Autographiviridae;Studiervirinae;Kayfunavirus;Kayfunavirus CR44b;Citrobacter phage CR44b
928293;Viruses;Duplodnaviria;Heunggongvirae;Uroviricota;Caudoviricetes;Autographiviridae;Studiervirinae;Berlinvirus;Berlinvirus Yepf;Yersinia phage Yep-phi
913183;Viruses;Duplodnaviria;Heunggongvirae;Uroviricota;Caudoviricetes;Autographiviridae;Kelmasvirus;Kelmasvirus RSB2;Ralstonia phage RSB2
1500756;Viruses;Duplodnaviria;Heunggongvirae;Uroviricota;Caudoviricetes;Autographiviridae;Studiervirinae;Ghunavirus;Ghunavirus PSA2;Pseudomonas phage phiPSA2
1498170;Viruses;Duplodnaviria;Heunggongvirae;Uroviricota;Caudoviricetes;Autographiviridae;Studiervirinae;Kayfunavirus;Kayfunavirus PE31;Escherichia phage PE3-1
1536611;Viruses;Duplodnaviria;Heunggongvirae;Uroviricota;Caudoviricetes;Autographiviridae;Studiervirinae;Teetrevirus;Teetrevirus AP5;Yersinia phage vB_YenP_AP5
1273711;Viruses;Duplodnaviria;Heunggongvirae;Uroviricota;Caudoviricetes;Autographiviridae;unclassified Autographiviridae;Synechococcus phage S-CBP1
1151014;Viruses;Duplodnaviria;Heunggongvirae;Uroviricota;Caudoviricetes;Autographiviridae;Colwellvirinae;Kaohsiungvirus;Kaohsiungvirus A318;Vibrio phage phi-A318
1562076;Viruses;Duplodnaviria;Heunggongvirae;Uroviricota;Caudoviricetes;Autographiviridae;Studiervirinae;Pifdecavirus;Pifdecavirus Pf10;Pseudomonas phage Pf-10
1498172;Viruses;Duplodnaviria;Heunggongvirae;Uroviricota;Caudoviricetes;Autographiviridae;Gajwadongvirus;Gajwadongvirus ECBP5;Escherichia phage ECBP5
1560283;Viruses;Duplodnaviria;Heunggongvirae;Uroviricota;Caudoviricetes;Autographiviridae;Molineuxvirinae;Acadevirus;Acadevirus PM85;Proteus phage PM 85
1527506;Viruses;Duplodnaviria;Heunggongvirae;Uroviricota;Caudoviricetes;Autographiviridae;Studiervirinae;Teseptimavirus;Teseptimavirus CICC80001;Escherichia phage CICC 80001
1560284;Viruses;Duplodnaviria;Heunggongvirae;Uroviricota;Caudoviricetes;Autographiviridae;Molineuxvirinae;Acadevirus;Acadevirus PM93;Proteus phage PM 93
1735591;Viruses;Duplodnaviria;Heunggongvirae;Uroviricota;Caudoviricetes;Autographiviridae;Studiervirinae;Apdecimavirus;Apdecimavirus AP10;Yersinia phage vB_YenP_AP10
1755692;Viruses;Duplodnaviria;Heunggongvirae;Uroviricota;Caudoviricetes;Autographiviridae;Studiervirinae;Ghunavirus;Ghunavirus PPPL1;Pseudomonas phage PPPL-1
1647385;Viruses;Duplodnaviria;Heunggongvirae;Uroviricota;Caudoviricetes;Autographiviridae;Piedvirus;Piedvirus IMEDE1;Delftia phage IME-DE1
1587520;Viruses;Duplodnaviria;Heunggongvirae;Uroviricota;Caudoviricetes;Autographiviridae;Studiervirinae;Eapunavirus;Eapunavirus Eap1;Enterobacter phage phiEap-1
1647374;Viruses;Duplodnaviria;Heunggongvirae;Uroviricota;Caudoviricetes;Autographiviridae;Studiervirinae;Przondovirus;Przondovirus K5;Klebsiella phage K5
1572753;Viruses;Duplodnaviria;Heunggongvirae;Uroviricota;Caudoviricetes;Autographiviridae;Studiervirinae;Berlinvirus;Berlinvirus P483;Escherichia phage P483
1572754;Viruses;Duplodnaviria;Heunggongvirae;Uroviricota;Caudoviricetes;Autographiviridae;Studiervirinae;Berlinvirus;Berlinvirus P694;Escherichia phage P694
1610508;Viruses;Duplodnaviria;Heunggongvirae;Uroviricota;Caudoviricetes;Autographiviridae;Studiervirinae;Teetrevirus;Teetrevirus CFP1;Citrobacter phage phiCFP-1
1636249;Viruses;Duplodnaviria;Heunggongvirae;Uroviricota;Caudoviricetes;Autographiviridae;Molineuxvirinae;Acadevirus;Acadevirus Pm5460;Proteus phage vB_PmiP_Pm5460
1671396;Viruses;Duplodnaviria;Heunggongvirae;Uroviricota;Caudoviricetes;Autographiviridae;Studiervirinae;Przondovirus;Przondovirus KpV289;Klebsiella phage vB_KpnP_KpV289
1805467;Viruses;Duplodnaviria;Heunggongvirae;Uroviricota;Caudoviricetes;Autographiviridae;Studiervirinae;Kayfunavirus;Kayfunavirus SH4;Citrobacter phage SH4
1805464;Viruses;Duplodnaviria;Heunggongvirae;Uroviricota;Caudoviricetes;Autographiviridae;Studiervirinae;Teetrevirus;Teetrevirus SH1;Citrobacter phage SH1
1805465;Viruses;Duplodnaviria;Heunggongvirae;Uroviricota;Caudoviricetes;Autographiviridae;Studiervirinae;Teetrevirus;Teetrevirus SH2;Citrobacter phage SH2
1837842;Viruses;Duplodnaviria;Heunggongvirae;Uroviricota;Caudoviricetes;Autographiviridae;Studiervirinae;Teseptimavirus;Teseptimavirus tv64795ec1;Escherichia phage 64795_ec1
1852627;Viruses;Duplodnaviria;Heunggongvirae;Uroviricota;Caudoviricetes;Autographiviridae;Studiervirinae;Minipunavirus;Minipunavirus MP2;Morganella phage vB_MmoP_MP2
1805466;Viruses;Duplodnaviria;Heunggongvirae;Uroviricota;Caudoviricetes;Autographiviridae;Studiervirinae;Kayfunavirus;Kayfunavirus SH3;Citrobacter phage SH3
1543199;Viruses;Duplodnaviria;Heunggongvirae;Uroviricota;Caudoviricetes;Autographiviridae;Studiervirinae;Berlinvirus;Berlinvirus BP12A;Salmonella phage BP12A
1543201;Viruses;Duplodnaviria;Heunggongvirae;Uroviricota;Caudoviricetes;Autographiviridae;Molineuxvirinae;Zindervirus;Zindervirus BP12B;Salmonella phage BP12B
1755695;Viruses;Duplodnaviria;Heunggongvirae;Uroviricota;Caudoviricetes;Autographiviridae;Studiervirinae;Kayfunavirus;Kayfunavirus GA2A;Escherichia phage GA2A
2740802;Viruses;Duplodnaviria;Heunggongvirae;Uroviricota;Caudoviricetes;Autographiviridae;Pedosvirus;Pedosvirus S28C3;uncultured phage_MedDCM-OCT-S28-C3
1220601;Viruses;Duplodnaviria;Heunggongvirae;Uroviricota;Caudoviricetes;Autographiviridae;Paadamvirus;Paadamvirus RHEph01;Rhizobium phage RHEph01
1480731;Viruses;Duplodnaviria;Heunggongvirae;Uroviricota;Caudoviricetes;Autographiviridae;Colwellvirinae;Gutovirus;Gutovirus Vc1;Vibrio phage Vc1
1629654;Viruses;Duplodnaviria;Heunggongvirae;Uroviricota;Caudoviricetes;Autographiviridae;Studiervirinae;Ghunavirus;Ghunavirus Psa17;Pseudomonas phage phiPsa17
1662463;Viruses;Duplodnaviria;Heunggongvirae;Uroviricota;Caudoviricetes;Autographiviridae;Studiervirinae;Teetrevirus;Teetrevirus YeF10;Yersinia phage phiYe-F10
1770232;Viruses;Duplodnaviria;Heunggongvirae;Uroviricota;Caudoviricetes;Autographiviridae;Studiervirinae;Przondovirus;Przondovirus IME205;Klebsiella phage vB_KpnP_IME205
1852630;Viruses;Duplodnaviria;Heunggongvirae;Uroviricota;Caudoviricetes;Autographiviridae;Studiervirinae;Teetrevirus;Teetrevirus ECA2;Escherichia phage ECA2
2886901;Viruses;Duplodnaviria;Heunggongvirae;Uroviricota;Caudoviricetes;Autographiviridae;Molineuxvirinae;Vectrevirus;Vectrevirus AAPEc6;Escherichia phage AAPEc6
1882400;Viruses;Duplodnaviria;Heunggongvirae;Uroviricota;Caudoviricetes;Autographiviridae;Studiervirinae;Przondovirus;Przondovirus KpV763;Klebsiella phage vB_KpnP_KpV763
1897430;Viruses;Duplodnaviria;Heunggongvirae;Uroviricota;Caudoviricetes;Autographiviridae;Studiervirinae;Przondovirus;Przondovirus KpV767;Klebsiella phage vB_KpnP_KpV767
1897431;Viruses;Duplodnaviria;Heunggongvirae;Uroviricota;Caudoviricetes;Autographiviridae;Studiervirinae;Przondovirus;Przondovirus KpV766;Klebsiella phage vB_KpnP_KpV766
1897434;Viruses;Duplodnaviria;Heunggongvirae;Uroviricota;Caudoviricetes;Autographiviridae;Studiervirinae;Teetrevirus;Teetrevirus SM93Y;Serratia phage SM9-3Y
1897641;Viruses;Duplodnaviria;Heunggongvirae;Uroviricota;Caudoviricetes;Autographiviridae;Studiervirinae;Kayfunavirus;Kayfunavirus ZG49;Escherichia phage ZG49
1907781;Viruses;Duplodnaviria;Heunggongvirae;Uroviricota;Caudoviricetes;Autographiviridae;Studiervirinae;Przondovirus;Przondovirus PRA33;Klebsiella phage vB_KpnP_PRA33
1907782;Viruses;Duplodnaviria;Heunggongvirae;Uroviricota;Caudoviricetes;Autographiviridae;Studiervirinae;Przondovirus;Przondovirus BIS33;Klebsiella phage vB_KpnP_BIS33
1907783;Viruses;Duplodnaviria;Heunggongvirae;Uroviricota;Caudoviricetes;Autographiviridae;Studiervirinae;Przondovirus;Przondovirus IL33;Klebsiella phage vB_KpnP_IL33
1916101;Viruses;Duplodnaviria;Heunggongvirae;Uroviricota;Caudoviricetes;Autographiviridae;Studiervirinae;Berlinvirus;Berlinvirus PP74;Pectobacterium phage PP74
1927014;Viruses;Duplodnaviria;Heunggongvirae;Uroviricota;Caudoviricetes;Autographiviridae;Studiervirinae;Pektosvirus;Pektosvirus PP81;Pectobacterium phage PP81
1932361;Viruses;Duplodnaviria;Heunggongvirae;Uroviricota;Caudoviricetes;Autographiviridae;Studiervirinae;Przondovirus;Przondovirus K52;Klebsiella phage K5-2
1932362;Viruses;Duplodnaviria;Heunggongvirae;Uroviricota;Caudoviricetes;Autographiviridae;Studiervirinae;Przondovirus;Przondovirus K54;Klebsiella phage K5-4
1932883;Viruses;Duplodnaviria;Heunggongvirae;Uroviricota;Caudoviricetes;Autographiviridae;Gajwadongvirus;Gajwadongvirus PP99;Pectobacterium phage PP99
1933107;Viruses;Duplodnaviria;Heunggongvirae;Uroviricota;Caudoviricetes;Autographiviridae;Molineuxvirinae;Vectrevirus;Vectrevirus bee;Escherichia phage vB_EcoP_B
1933110;Viruses;Duplodnaviria;Heunggongvirae;Uroviricota;Caudoviricetes;Autographiviridae;Studiervirinae;Kayfunavirus;Kayfunavirus F;Escherichia phage vB_EcoP_F
1961914;Viruses;Duplodnaviria;Heunggongvirae;Uroviricota;Caudoviricetes;Autographiviridae;Studiervirinae;Pektosvirus;Pektosvirus PPWS4;Pectobacterium phage PPWS4
1983789;Viruses;Duplodnaviria;Heunggongvirae;Uroviricota;Caudoviricetes;Autographiviridae;Studiervirinae;Kayfunavirus;Kayfunavirus ST31;Escherichia phage ST31
2005054;Viruses;Duplodnaviria;Heunggongvirae;Uroviricota;Caudoviricetes;Autographiviridae;Wuhanvirus;Wuhanvirus PHB02;Pasteurella phage vB_PmuP_PHB02
2006930;Viruses;Duplodnaviria;Heunggongvirae;Uroviricota;Caudoviricetes;Autographiviridae;Wuhanvirus;Wuhanvirus PHB01;Pasteurella phage PHB01
2024247;Viruses;Duplodnaviria;Heunggongvirae;Uroviricota;Caudoviricetes;Autographiviridae;Studiervirinae;Przondovirus;Przondovirus 2044307w;Klebsiella phage 2044-307w
2024248;Viruses;Duplodnaviria;Heunggongvirae;Uroviricota;Caudoviricetes;Autographiviridae;Studiervirinae;Teetrevirus;Teetrevirus tv10164302;Leclercia phage 10164-302
2024251;Viruses;Duplodnaviria;Heunggongvirae;Uroviricota;Caudoviricetes;Autographiviridae;Studiervirinae;Teetrevirus;Teetrevirus 2050H2;Serratia phage 2050H2
1837877;Viruses;Duplodnaviria;Heunggongvirae;Uroviricota;Caudoviricetes;Autographiviridae;Molineuxvirinae;Acadevirus;Acadevirus PM116;Proteus phage PM 116
1873993;Viruses;Duplodnaviria;Heunggongvirae;Uroviricota;Caudoviricetes;Autographiviridae;Studiervirinae;Pifdecavirus;Pifdecavirus UNOSLW1;Pseudomonas phage UNO-SLW1
2761363;Viruses;Duplodnaviria;Heunggongvirae;Uroviricota;Caudoviricetes;Autographiviridae;Studiervirinae;Ghunavirus;Ghunavirus Pf1ERZ2017;Pseudomonas phage Pf1 ERZ-2017
2041489;Viruses;Duplodnaviria;Heunggongvirae;Uroviricota;Caudoviricetes;Autographiviridae;Studiervirinae;Unyawovirus;Unyawovirus DUPPII;Pectobacterium phage DU_PP_II
2041493;Viruses;Duplodnaviria;Heunggongvirae;Uroviricota;Caudoviricetes;Autographiviridae;Gyeongsanvirus;Gyeongsanvirus DURPI;Ralstonia phage DU_RP_I
2783800;Viruses;Duplodnaviria;Heunggongvirae;Uroviricota;Caudoviricetes;Autographiviridae;Molineuxvirinae;Vectrevirus;Vectrevirus mutPK1A2;Escherichia phage mutPK1A2
2048979;Viruses;Duplodnaviria;Heunggongvirae;Uroviricota;Caudoviricetes;Autographiviridae;Colwellvirinae;Uliginvirus;Uliginvirus uligo;Pseudomonas phage uligo
2053563;Viruses;Duplodnaviria;Heunggongvirae;Uroviricota;Caudoviricetes;Autographiviridae;Studiervirinae;Teseptimavirus;Teseptimavirus EG1;Escherichia phage EG1
2783801;Viruses;Duplodnaviria;Heunggongvirae;Uroviricota;Caudoviricetes;Autographiviridae;Molineuxvirinae;Vectrevirus;Vectrevirus VEc3;Escherichia phage VEc3
2059879;Viruses;Duplodnaviria;Heunggongvirae;Uroviricota;Caudoviricetes;Autographiviridae;Colwellvirinae;Trungvirus;Trungvirus VEN;Vibrio phage VEN
2066504;Viruses;Duplodnaviria;Heunggongvirae;Uroviricota;Caudoviricetes;Autographiviridae;Studiervirinae;Przondovirus;Przondovirus SHKp152410;Klebsiella phage SH-Kp 152410
2070198;Viruses;Duplodnaviria;Heunggongvirae;Uroviricota;Caudoviricetes;Autographiviridae;Molineuxvirinae;Eracentumvirus;Eracentumvirus S2;Erwinia phage vB_EamP-S2
2079287;Viruses;Duplodnaviria;Heunggongvirae;Uroviricota;Caudoviricetes;Autographiviridae;Studiervirinae;Ghunavirus;Ghunavirus henninger;Pseudomonas phage Henninger
2079317;Viruses;Duplodnaviria;Heunggongvirae;Uroviricota;Caudoviricetes;Autographiviridae;Studiervirinae;Teseptimavirus;Teseptimavirus HZ2R8;Escherichia phage HZ2R8
2079534;Viruses;Duplodnaviria;Heunggongvirae;Uroviricota;Caudoviricetes;Autographiviridae;Studiervirinae;Kayfunavirus;Kayfunavirus YZ1;Escherichia phage YZ1
2052746;Viruses;Duplodnaviria;Heunggongvirae;Uroviricota;Caudoviricetes;Autographiviridae;Studiervirinae;Helsettvirus;Helsettvirus fPS9;Yersinia phage fPS-9
2052752;Viruses;Duplodnaviria;Heunggongvirae;Uroviricota;Caudoviricetes;Autographiviridae;Studiervirinae;Helsettvirus;Helsettvirus fPS53;Yersinia phage fPS-53
2052753;Viruses;Duplodnaviria;Heunggongvirae;Uroviricota;Caudoviricetes;Autographiviridae;Studiervirinae;Helsettvirus;Helsettvirus fPS54ocr;Yersinia phage fPS-54-ocr
1176767;Viruses;Duplodnaviria;Heunggongvirae;Uroviricota;Caudoviricetes;Autographiviridae;Studiervirinae;Teseptimavirus;Teseptimavirus YpsPG;Yersinia phage YpsP-G
2099356;Viruses;Duplodnaviria;Heunggongvirae;Uroviricota;Caudoviricetes;Autographiviridae;Studiervirinae;Teseptimavirus;Teseptimavirus ebrios;Escherichia phage Ebrios
2163985;Viruses;Duplodnaviria;Heunggongvirae;Uroviricota;Caudoviricetes;Autographiviridae;Colwellvirinae;Uliginvirus;Uliginvirus njord;Pseudomonas phage Njord
2163984;Viruses;Duplodnaviria;Heunggongvirae;Uroviricota;Caudoviricetes;Autographiviridae;Colwellvirinae;Uliginvirus;Uliginvirus nerthus;Pseudomonas phage Nerthus
2163982;Viruses;Duplodnaviria;Heunggongvirae;Uroviricota;Caudoviricetes;Autographiviridae;Colwellvirinae;Uliginvirus;Uliginvirus achelous;Pseudomonas phage Achelous
2163983;Viruses;Duplodnaviria;Heunggongvirae;Uroviricota;Caudoviricetes;Autographiviridae;Colwellvirinae;Uliginvirus;Uliginvirus alpheus;Pseudomonas phage Alpheus
2163630;Viruses;Duplodnaviria;Heunggongvirae;Uroviricota;Caudoviricetes;Autographiviridae;Studiervirinae;Aarhusvirus;Aarhusvirus dagda;Dickeya phage Dagda
2163634;Viruses;Duplodnaviria;Heunggongvirae;Uroviricota;Caudoviricetes;Autographiviridae;Studiervirinae;Jarilovirus;Jarilovirus jarilo;Pectobacterium phage Jarilo
2163970;Viruses;Duplodnaviria;Heunggongvirae;Uroviricota;Caudoviricetes;Autographiviridae;Studiervirinae;Pifdecavirus;Pifdecavirus pv22PfluR64PP;Pseudomonas phage 22PfluR64PP
2790304;Viruses;Duplodnaviria;Heunggongvirae;Uroviricota;Caudoviricetes;Autographiviridae;Studiervirinae;Przondovirus;Przondovirus KP32i192;Klebsiella phage KP32_isolate 192
2790305;Viruses;Duplodnaviria;Heunggongvirae;Uroviricota;Caudoviricetes;Autographiviridae;Studiervirinae;Przondovirus;Przondovirus KP32i194;Klebsiella phage KP32_isolate 194
2790306;Viruses;Duplodnaviria;Heunggongvirae;Uroviricota;Caudoviricetes;Autographiviridae;Studiervirinae;Przondovirus;Przondovirus KP32i195;Klebsiella phage KP32_isolate 195
2790307;Viruses;Duplodnaviria;Heunggongvirae;Uroviricota;Caudoviricetes;Autographiviridae;Studiervirinae;Przondovirus;Przondovirus KP32i196;Klebsiella phage KP32_isolate 196
1958964;Viruses;Duplodnaviria;Heunggongvirae;Uroviricota;Caudoviricetes;Autographiviridae;Studiervirinae;Przondovirus;Przondovirus SHKp152234;Klebsiella phage SH-Kp 152234
1983557;Viruses;Duplodnaviria;Heunggongvirae;Uroviricota;Caudoviricetes;Autographiviridae;Studiervirinae;Pijolavirus;Pijolavirus PspYZU08;Pseudomonas phage PspYZU08
2233775;Viruses;Duplodnaviria;Heunggongvirae;Uroviricota;Caudoviricetes;Autographiviridae;Studiervirinae;Berlinvirus;Berlinvirus S523;Escherichia phage vB_EcoP_S523
2201462;Viruses;Duplodnaviria;Heunggongvirae;Uroviricota;Caudoviricetes;Autographiviridae;Studiervirinae;Pifdecavirus;Pifdecavirus PFP1;Pseudomonas phage PFP1
2268589;Viruses;Duplodnaviria;Heunggongvirae;Uroviricota;Caudoviricetes;Autographiviridae;Studiervirinae;Foetvirus;Foetvirus SRT7;Escherichia phage SRT7
2268591;Viruses;Duplodnaviria;Heunggongvirae;Uroviricota;Caudoviricetes;Autographiviridae;Studiervirinae;Teseptimavirus;Teseptimavirus tv3A8767;Salmonella phage 3A_8767
2268396;Viruses;Duplodnaviria;Heunggongvirae;Uroviricota;Caudoviricetes;Autographiviridae;Studiervirinae;Przondovirus;Przondovirus IME321;Klebsiella phage vB_KpnP_IME321
2783859;Viruses;Duplodnaviria;Heunggongvirae;Uroviricota;Caudoviricetes;Autographiviridae;Studiervirinae;Kayfunavirus;Kayfunavirus Vec13;Escherichia phage Vec13
1332145;Viruses;Duplodnaviria;Heunggongvirae;Uroviricota;Caudoviricetes;Autographiviridae;Igirivirus;Igirivirus STIP37;Synechococcus T7-like phage S-TIP37
2283033;Viruses;Duplodnaviria;Heunggongvirae;Uroviricota;Caudoviricetes;Autographiviridae;Studiervirinae;Ningirsuvirus;Ningirsuvirus JA10;Dickeya phage vB_DsoP_JA10
2320191;Viruses;Duplodnaviria;Heunggongvirae;Uroviricota;Caudoviricetes;Autographiviridae;Studiervirinae;Aarhusvirus;Aarhusvirus katbat;Dickeya phage Katbat
2320192;Viruses;Duplodnaviria;Heunggongvirae;Uroviricota;Caudoviricetes;Autographiviridae;Studiervirinae;Aarhusvirus;Aarhusvirus luksen;Dickeya phage Luksen
2320193;Viruses;Duplodnaviria;Heunggongvirae;Uroviricota;Caudoviricetes;Autographiviridae;Studiervirinae;Aarhusvirus;Aarhusvirus mysterion;Dickeya phage Mysterion
2301650;Viruses;Duplodnaviria;Heunggongvirae;Uroviricota;Caudoviricetes;Autographiviridae;Studiervirinae;Teetrevirus;Teetrevirus LL2;Escherichia phage LL2
2315628;Viruses;Duplodnaviria;Heunggongvirae;Uroviricota;Caudoviricetes;Autographiviridae;Molineuxvirinae;Vectrevirus;Vectrevirus LL11;Escherichia phage LL11
2041760;Viruses;Duplodnaviria;Heunggongvirae;Uroviricota;Caudoviricetes;Autographiviridae;Studiervirinae;Kayfunavirus;Kayfunavirus IMM002;Escherichia phage IMM-002
2340719;Viruses;Duplodnaviria;Heunggongvirae;Uroviricota;Caudoviricetes;Autographiviridae;Studiervirinae;Teseptimavirus;Teseptimavirus N30;Escherichia phage N30
2315471;Viruses;Duplodnaviria;Heunggongvirae;Uroviricota;Caudoviricetes;Autographiviridae;Studiervirinae;Teseptimavirus;Teseptimavirus IME390;Enterobacteria phage vB_EcoP_IME390
2053015;Viruses;Duplodnaviria;Heunggongvirae;Uroviricota;Caudoviricetes;Autographiviridae;Studiervirinae;Berlinvirus;Berlinvirus BSP161;Salmonella phage BSP161
2321391;Viruses;Duplodnaviria;Heunggongvirae;Uroviricota;Caudoviricetes;Autographiviridae;Studiervirinae;Berlinvirus;Berlinvirus PYPS50;Yersinia phage PYPS50
2488949;Viruses;Duplodnaviria;Heunggongvirae;Uroviricota;Caudoviricetes;Autographiviridae;Studiervirinae;Przondovirus;Przondovirus kpssk3;Klebsiella phage kpssk3
2282629;Viruses;Duplodnaviria;Heunggongvirae;Uroviricota;Caudoviricetes;Autographiviridae;Studiervirinae;Przondovirus;Przondovirus KN11;Klebsiella phage KN1-1
2282631;Viruses;Duplodnaviria;Heunggongvirae;Uroviricota;Caudoviricetes;Autographiviridae;Studiervirinae;Przondovirus;Przondovirus KN41;Klebsiella phage KN4-1
2282630;Viruses;Duplodnaviria;Heunggongvirae;Uroviricota;Caudoviricetes;Autographiviridae;Studiervirinae;Przondovirus;Przondovirus KN31;Klebsiella phage KN3-1
2483604;Viruses;Duplodnaviria;Heunggongvirae;Uroviricota;Caudoviricetes;Autographiviridae;Studiervirinae;Kayfunavirus;Kayfunavirus EcpYZU01;Enterobacter phage EcpYZU01
2498616;Viruses;Duplodnaviria;Heunggongvirae;Uroviricota;Caudoviricetes;Autographiviridae;Studiervirinae;Kayfunavirus;Kayfunavirus Ro45lw;Escherichia phage Ro45lw
2200756;Viruses;Duplodnaviria;Heunggongvirae;Uroviricota;Caudoviricetes;Autographiviridae;Studiervirinae;Kayfunavirus;Kayfunavirus GW1;Cronobacter phage GW1
2528528;Viruses;Duplodnaviria;Heunggongvirae;Uroviricota;Caudoviricetes;Autographiviridae;Studiervirinae;Teseptimavirus;Teseptimavirus NCA;Escherichia phage NC-A
2530019;Viruses;Duplodnaviria;Heunggongvirae;Uroviricota;Caudoviricetes;Autographiviridae;Studiervirinae;Teseptimavirus;Teseptimavirus HZP2;Escherichia phage HZP2
2545435;Viruses;Duplodnaviria;Heunggongvirae;Uroviricota;Caudoviricetes;Autographiviridae;Qadamvirus;Qadamvirus SB28;Synechococcus phage S-B28
2562178;Viruses;Duplodnaviria;Heunggongvirae;Uroviricota;Caudoviricetes;Autographiviridae;Studiervirinae;Przondovirus;Przondovirus pharr;Klebsiella phage Pharr
2562138;Viruses;Duplodnaviria;Heunggongvirae;Uroviricota;Caudoviricetes;Autographiviridae;Studiervirinae;Berlinvirus;Berlinvirus A7;Shigella phage VB_Ship_A7
756276;Viruses;Duplodnaviria;Heunggongvirae;Uroviricota;Caudoviricetes;Autographiviridae;Lirvirus;Lirvirus SCBP3;Synechococcus phage S-CBP3
1729933;Viruses;Duplodnaviria;Heunggongvirae;Uroviricota;Caudoviricetes;Autographiviridae;Studiervirinae;Ghunavirus;Ghunavirus shl2;Pseudomonas phage shl2
1729936;Viruses;Duplodnaviria;Heunggongvirae;Uroviricota;Caudoviricetes;Autographiviridae;Studiervirinae;Ghunavirus;Ghunavirus 17A;Pseudomonas phage 17A
2749426;Viruses;Duplodnaviria;Heunggongvirae;Uroviricota;Caudoviricetes;Autographiviridae;Studiervirinae;Warsawvirus;Warsawvirus 3MF5;Pseudomonas phage vB_PsyP_3MF5
2910948;Viruses;Duplodnaviria;Heunggongvirae;Uroviricota;Caudoviricetes;Autographiviridae;Studiervirinae;Teetrevirus;unclassified Teetrevirus;Salmonella phage vB_SAg-RPN15
2880894;Viruses;Duplodnaviria;Heunggongvirae;Uroviricota;Caudoviricetes;Autographiviridae;Studiervirinae;Teseptimavirus;unclassified Teseptimavirus;Yersinia phage vB_YenP_Rambo
2875705;Viruses;Duplodnaviria;Heunggongvirae;Uroviricota;Caudoviricetes;Autographiviridae;Studiervirinae;Pifdecavirus;Pifdecavirus UNOSLW1;Pseudomonas phage PCS4
2880891;Viruses;Duplodnaviria;Heunggongvirae;Uroviricota;Caudoviricetes;Autographiviridae;Studiervirinae;Przondovirus;unclassified Przondovirus;Klebsiella phage vB_Kp_IME531
2878085;Viruses;Duplodnaviria;Heunggongvirae;Uroviricota;Caudoviricetes;Autographiviridae;Studiervirinae;Teetrevirus;unclassified Teetrevirus;Klebsiella phage vB_KpnP_IME305
2875358;Viruses;Duplodnaviria;Heunggongvirae;Uroviricota;Caudoviricetes;Autographiviridae;Studiervirinae;Kayfunavirus;unclassified Kayfunavirus;Enterobacter phage KKP_3263
2894803;Viruses;Duplodnaviria;Heunggongvirae;Uroviricota;Caudoviricetes;Autographiviridae;Studiervirinae;Minipunavirus;unclassified Minipunavirus;Morganella phage vB_MmoP_Lilpapawes
2895572;Viruses;Duplodnaviria;Heunggongvirae;Uroviricota;Caudoviricetes;Autographiviridae;Studiervirinae;Ghunavirus;unclassified Ghunavirus;Pseudomonas phage Pst_GM1
2895571;Viruses;Duplodnaviria;Heunggongvirae;Uroviricota;Caudoviricetes;Autographiviridae;Studiervirinae;Ghunavirus;unclassified Ghunavirus;Pseudomonas phage Pst_GIL1
2894289;Viruses;Duplodnaviria;Heunggongvirae;Uroviricota;Caudoviricetes;Autographiviridae;Molineuxvirinae;Eracentumvirus;unclassified Eracentumvirus;Pantoea phage Nifs112
2894290;Viruses;Duplodnaviria;Heunggongvirae;Uroviricota;Caudoviricetes;Autographiviridae;unclassified Autographiviridae;Pantoea phage Nufs112
2893764;Viruses;Duplodnaviria;Heunggongvirae;Uroviricota;Caudoviricetes;Autographiviridae;Molineuxvirinae;unclassified Molineuxvirinae;Klebsiella phage vB_KpnP_ZK1
2894396;Viruses;Duplodnaviria;Heunggongvirae;Uroviricota;Caudoviricetes;Autographiviridae;Studiervirinae;Berlinvirus;unclassified Berlinvirus;Enterobacter phage vB_SEqdws-315
2906746;Viruses;Duplodnaviria;Heunggongvirae;Uroviricota;Caudoviricetes;Autographiviridae;Studiervirinae;Przondovirus;unclassified Przondovirus;Enterobacter phage ENC14
3004221;Viruses;Duplodnaviria;Heunggongvirae;Uroviricota;Caudoviricetes;Autographiviridae;Studiervirinae;Kayfunavirus;unclassified Kayfunavirus;Enterobacter phage ENC2-2_a
2906748;Viruses;Duplodnaviria;Heunggongvirae;Uroviricota;Caudoviricetes;Autographiviridae;Studiervirinae;Teetrevirus;unclassified Teetrevirus;Enterobacter phage ENC18
2912295;Viruses;Duplodnaviria;Heunggongvirae;Uroviricota;Caudoviricetes;Autographiviridae;unclassified Autographiviridae;Klebsiella phage 6939
2912288;Viruses;Duplodnaviria;Heunggongvirae;Uroviricota;Caudoviricetes;Autographiviridae;Molineuxvirinae;Vectrevirus;unclassified Vectrevirus;Escherichia phage 6948
2912289;Viruses;Duplodnaviria;Heunggongvirae;Uroviricota;Caudoviricetes;Autographiviridae;Molineuxvirinae;Vectrevirus;unclassified Vectrevirus;Escherichia phage 6949
2912290;Viruses;Duplodnaviria;Heunggongvirae;Uroviricota;Caudoviricetes;Autographiviridae;Studiervirinae;Kayfunavirus;unclassified Kayfunavirus;Escherichia phage HC12
2912291;Viruses;Duplodnaviria;Heunggongvirae;Uroviricota;Caudoviricetes;Autographiviridae;Studiervirinae;Kayfunavirus;unclassified Kayfunavirus;Escherichia phage HC13
2912299;Viruses;Duplodnaviria;Heunggongvirae;Uroviricota;Caudoviricetes;Autographiviridae;Studiervirinae;Teetrevirus;unclassified Teetrevirus;Klebsiella phage 6996
2912300;Viruses;Duplodnaviria;Heunggongvirae;Uroviricota;Caudoviricetes;Autographiviridae;Studiervirinae;Teetrevirus;unclassified Teetrevirus;Klebsiella phage 6998
2894362;Viruses;Duplodnaviria;Heunggongvirae;Uroviricota;Caudoviricetes;Autographiviridae;Studiervirinae;Przondovirus;unclassified Przondovirus;Klebsiella phage vB_KpnP_ZK2
2900147;Viruses;Duplodnaviria;Heunggongvirae;Uroviricota;Caudoviricetes;Autographiviridae;Studiervirinae;Ghunavirus;unclassified Ghunavirus;Pseudomonas phage Eir4
2905421;Viruses;Duplodnaviria;Heunggongvirae;Uroviricota;Caudoviricetes;Autographiviridae;Studiervirinae;Teetrevirus;unclassified Teetrevirus;Klebsiella phage vB8388
2912649;Viruses;Duplodnaviria;Heunggongvirae;Uroviricota;Caudoviricetes;Autographiviridae;Studiervirinae;Teetrevirus;unclassified Teetrevirus;Pantoea phage vB_PdeP_F1M1C
2912650;Viruses;Duplodnaviria;Heunggongvirae;Uroviricota;Caudoviricetes;Autographiviridae;Studiervirinae;Teetrevirus;unclassified Teetrevirus;Pantoea phage vB_PdeP_F2M1C
2912645;Viruses;Duplodnaviria;Heunggongvirae;Uroviricota;Caudoviricetes;Autographiviridae;Molineuxvirinae;unclassified Molineuxvirinae;Klebsiella phage vB_KvaP_F4M1D
2912651;Viruses;Duplodnaviria;Heunggongvirae;Uroviricota;Caudoviricetes;Autographiviridae;Studiervirinae;Teetrevirus;unclassified Teetrevirus;Pantoea phage vB_PdeP_F5M1C
2912646;Viruses;Duplodnaviria;Heunggongvirae;Uroviricota;Caudoviricetes;Autographiviridae;Molineuxvirinae;unclassified Molineuxvirinae;Klebsiella phage vB_KvaP_F5M1D
2908631;Viruses;Duplodnaviria;Heunggongvirae;Uroviricota;Caudoviricetes;Autographiviridae;Studiervirinae;Przondovirus;unclassified Przondovirus;Klebsiella phage IME264
2910780;Viruses;Duplodnaviria;Heunggongvirae;Uroviricota;Caudoviricetes;Autographiviridae;Studiervirinae;unclassified Studiervirinae;Rahnella phage Sarma103
10760;Viruses;Duplodnaviria;Heunggongvirae;Uroviricota;Caudoviricetes;Autographiviridae;Studiervirinae;Teseptimavirus;Teseptimavirus T7;Escherichia phage T7
10760;Viruses;Duplodnaviria;Heunggongvirae;Uroviricota;Caudoviricetes;Autographiviridae;Studiervirinae;Teseptimavirus;Teseptimavirus T7;Escherichia phage T7
2914026;Viruses;Duplodnaviria;Heunggongvirae;Uroviricota;Caudoviricetes;Autographiviridae;Studiervirinae;Pijolavirus;unclassified Pijolavirus;Pseudomonas phage Pf17397_F_PD1
2917333;Viruses;Duplodnaviria;Heunggongvirae;Uroviricota;Caudoviricetes;Autographiviridae;Studiervirinae;Kayfunavirus;unclassified Kayfunavirus;Providencia phage EPr2
2914168;Viruses;Duplodnaviria;Heunggongvirae;Uroviricota;Caudoviricetes;Autographiviridae;Studiervirinae;Ghunavirus;unclassified Ghunavirus;Pseudomonas phage P413
2914438;Viruses;Duplodnaviria;Heunggongvirae;Uroviricota;Caudoviricetes;Autographiviridae;Studiervirinae;Kayfunavirus;unclassified Kayfunavirus;Escherichia phage ZH4
2914489;Viruses;Duplodnaviria;Heunggongvirae;Uroviricota;Caudoviricetes;Autographiviridae;unclassified Autographiviridae;Prochlorococcus phage P-SCSP1a
2914491;Viruses;Duplodnaviria;Heunggongvirae;Uroviricota;Caudoviricetes;Autographiviridae;unclassified Autographiviridae;Prochlorococcus phage P-SCSP1c
2914492;Viruses;Duplodnaviria;Heunggongvirae;Uroviricota;Caudoviricetes;Autographiviridae;unclassified Autographiviridae;Prochlorococcus phage P-SCSP1d
2914506;Viruses;Duplodnaviria;Heunggongvirae;Uroviricota;Caudoviricetes;Autographiviridae;unclassified Autographiviridae;Prochlorococcus phage P-SCSP2
2918863;Viruses;Duplodnaviria;Heunggongvirae;Uroviricota;Caudoviricetes;Autographiviridae;Studiervirinae;Kayfunavirus;unclassified Kayfunavirus;Enterobacter phage EP1
2918862;Viruses;Duplodnaviria;Heunggongvirae;Uroviricota;Caudoviricetes;Autographiviridae;Studiervirinae;Ghunavirus;Ghunavirus PSA2;Pseudomonas phage PCW2
2923252;Viruses;Duplodnaviria;Heunggongvirae;Uroviricota;Caudoviricetes;Autographiviridae;Molineuxvirinae;Eracentumvirus;Eracentumvirus S2;Erwinia phage VyarbaL
2924715;Viruses;Duplodnaviria;Heunggongvirae;Uroviricota;Caudoviricetes;Autographiviridae;Studiervirinae;unclassified Studiervirinae;Aeromonas phage vB_ AhaP_PT2
2924891;Viruses;Duplodnaviria;Heunggongvirae;Uroviricota;Caudoviricetes;Autographiviridae;unclassified Autographiviridae;Aeromonas phage vB_AspA_Tola
2930332;Viruses;Duplodnaviria;Heunggongvirae;Uroviricota;Caudoviricetes;Autographiviridae;Studiervirinae;Kayfunavirus;unclassified Kayfunavirus;Escherichia phage CY1
2936515;Viruses;Duplodnaviria;Heunggongvirae;Uroviricota;Caudoviricetes;Autographiviridae;Molineuxvirinae;unclassified Molineuxvirinae;Klebsiella phage Kp7
2937314;Viruses;Duplodnaviria;Heunggongvirae;Uroviricota;Caudoviricetes;Autographiviridae;Studiervirinae;Przondovirus;unclassified Przondovirus;Klebsiella phage Kp11
2936516;Viruses;Duplodnaviria;Heunggongvirae;Uroviricota;Caudoviricetes;Autographiviridae;Studiervirinae;Przondovirus;unclassified Przondovirus;Klebsiella phage Kp9
2936938;Viruses;Duplodnaviria;Heunggongvirae;Uroviricota;Caudoviricetes;Autographiviridae;Molineuxvirinae;Vectrevirus;unclassified Vectrevirus;Escherichia phage EC120
2939130;Viruses;Duplodnaviria;Heunggongvirae;Uroviricota;Caudoviricetes;Autographiviridae;Studiervirinae;Ghunavirus;unclassified Ghunavirus;Xanthomonas phage Laurelin
2951194;Viruses;Duplodnaviria;Heunggongvirae;Uroviricota;Caudoviricetes;Autographiviridae;Studiervirinae;Ningirsuvirus;unclassified Ningirsuvirus;Dickeya phage DchS19
2978975;Viruses;Duplodnaviria;Heunggongvirae;Uroviricota;Caudoviricetes;Autographiviridae;Molineuxvirinae;Zindervirus;unclassified Zindervirus;Salmonella phage PST_H2
979535;Viruses;Duplodnaviria;Heunggongvirae;Uroviricota;Caudoviricetes;Autographiviridae;Studiervirinae;Chatterjeevirus;Chatterjeevirus ICP3;Vibrio phage ICP3
2948587;Viruses;Duplodnaviria;Heunggongvirae;Uroviricota;Caudoviricetes;Autographiviridae;Molineuxvirinae;Zindervirus;unclassified Zindervirus;Salmonella phage GRNsp51
2950757;Viruses;Duplodnaviria;Heunggongvirae;Uroviricota;Caudoviricetes;Autographiviridae;Studiervirinae;Teseptimavirus;unclassified Teseptimavirus;Shigella phage ESh1
2950776;Viruses;Duplodnaviria;Heunggongvirae;Uroviricota;Caudoviricetes;Autographiviridae;Studiervirinae;Teseptimavirus;unclassified Teseptimavirus;Shigella phage ESh3
2950784;Viruses;Duplodnaviria;Heunggongvirae;Uroviricota;Caudoviricetes;Autographiviridae;Studiervirinae;Teseptimavirus;unclassified Teseptimavirus;Shigella phage ESh6
2950786;Viruses;Duplodnaviria;Heunggongvirae;Uroviricota;Caudoviricetes;Autographiviridae;Studiervirinae;Teetrevirus;unclassified Teetrevirus;Shigella phage ESh8
2950787;Viruses;Duplodnaviria;Heunggongvirae;Uroviricota;Caudoviricetes;Autographiviridae;Studiervirinae;Teetrevirus;unclassified Teetrevirus;Shigella phage ESh9
2950759;Viruses;Duplodnaviria;Heunggongvirae;Uroviricota;Caudoviricetes;Autographiviridae;Studiervirinae;Teetrevirus;unclassified Teetrevirus;Shigella phage ESh12
2951248;Viruses;Duplodnaviria;Heunggongvirae;Uroviricota;Caudoviricetes;Autographiviridae;Studiervirinae;Kayfunavirus;unclassified Kayfunavirus;Escherichia phage vB_EcoP_FFK3
2951236;Viruses;Duplodnaviria;Heunggongvirae;Uroviricota;Caudoviricetes;Autographiviridae;unclassified Autographiviridae;Cedecea phage Yanou
2951235;Viruses;Duplodnaviria;Heunggongvirae;Uroviricota;Caudoviricetes;Autographiviridae;Studiervirinae;Przondovirus;unclassified Przondovirus;Klebsiella phage JB48
2874872;Viruses;Duplodnaviria;Heunggongvirae;Uroviricota;Caudoviricetes;Autographiviridae;Studiervirinae;Przondovirus;unclassified Przondovirus;Klebsiella phage VLCpiA3a
2874873;Viruses;Duplodnaviria;Heunggongvirae;Uroviricota;Caudoviricetes;Autographiviridae;Studiervirinae;Przondovirus;unclassified Przondovirus;Klebsiella phage VLCpiA3b
2874875;Viruses;Duplodnaviria;Heunggongvirae;Uroviricota;Caudoviricetes;Autographiviridae;Studiervirinae;Przondovirus;unclassified Przondovirus;Klebsiella phage VLCpiA3d
2874874;Viruses;Duplodnaviria;Heunggongvirae;Uroviricota;Caudoviricetes;Autographiviridae;Studiervirinae;Przondovirus;unclassified Przondovirus;Klebsiella phage VLCpiA3c
2874870;Viruses;Duplodnaviria;Heunggongvirae;Uroviricota;Caudoviricetes;Autographiviridae;Molineuxvirinae;unclassified Molineuxvirinae;Klebsiella phage VLCpiA2a
2874870;Viruses;Duplodnaviria;Heunggongvirae;Uroviricota;Caudoviricetes;Autographiviridae;Molineuxvirinae;unclassified Molineuxvirinae;Klebsiella phage VLCpiA2a
2874871;Viruses;Duplodnaviria;Heunggongvirae;Uroviricota;Caudoviricetes;Autographiviridae;Molineuxvirinae;unclassified Molineuxvirinae;Klebsiella phage VLCpiA2b
2951233;Viruses;Duplodnaviria;Heunggongvirae;Uroviricota;Caudoviricetes;Autographiviridae;Studiervirinae;unclassified Studiervirinae;Aeromonas phage JELG-KS1
2951227;Viruses;Duplodnaviria;Heunggongvirae;Uroviricota;Caudoviricetes;Autographiviridae;unclassified Autographiviridae;Aeromonas phage Aer_P220
2951198;Viruses;Duplodnaviria;Heunggongvirae;Uroviricota;Caudoviricetes;Autographiviridae;Studiervirinae;Kayfunavirus;unclassified Kayfunavirus;Escherichia phage 6925
2961688;Viruses;Duplodnaviria;Heunggongvirae;Uroviricota;Caudoviricetes;Autographiviridae;Studiervirinae;Elunavirus;unclassified Elunavirus;Erwinia phage Stepyanka
2961705;Viruses;Duplodnaviria;Heunggongvirae;Uroviricota;Caudoviricetes;Autographiviridae;Studiervirinae;Berlinvirus;unclassified Berlinvirus;Salmonella phage vB_SalM_PC127
2961845;Viruses;Duplodnaviria;Heunggongvirae;Uroviricota;Caudoviricetes;Autographiviridae;Studiervirinae;Przondovirus;unclassified Przondovirus;Klebsiella phage vB_KpnP1
2968245;Viruses;Duplodnaviria;Heunggongvirae;Uroviricota;Caudoviricetes;Autographiviridae;Studiervirinae;Teetrevirus;unclassified Teetrevirus;Serratia phage Seera
2968434;Viruses;Duplodnaviria;Heunggongvirae;Uroviricota;Caudoviricetes;Autographiviridae;Studiervirinae;Unyawovirus;unclassified Unyawovirus;Pectobacterium phage vB_PcaP_P15_PC2B6
2970321;Viruses;Duplodnaviria;Heunggongvirae;Uroviricota;Caudoviricetes;Autographiviridae;Studiervirinae;Przondovirus;unclassified Przondovirus;Klebsiella phage NK20
2970325;Viruses;Duplodnaviria;Heunggongvirae;Uroviricota;Caudoviricetes;Autographiviridae;Molineuxvirinae;Vectrevirus;unclassified Vectrevirus;Escherichia phage NTNC80A
2969991;Viruses;Duplodnaviria;Heunggongvirae;Uroviricota;Caudoviricetes;Autographiviridae;Molineuxvirinae;Zindervirus;unclassified Zindervirus;Salmonella phage GRNsp03
2979595;Viruses;Duplodnaviria;Heunggongvirae;Uroviricota;Caudoviricetes;Autographiviridae;Studiervirinae;Przondovirus;unclassified Przondovirus;Klebsiella phage 150004
2972462;Viruses;Duplodnaviria;Heunggongvirae;Uroviricota;Caudoviricetes;Autographiviridae;Molineuxvirinae;unclassified Molineuxvirinae;Klebsiella phage KPN7
2984971;Viruses;Duplodnaviria;Heunggongvirae;Uroviricota;Caudoviricetes;Autographiviridae;Studiervirinae;Przondovirus;unclassified Przondovirus;Klebsiella phage 150015
2981541;Viruses;Duplodnaviria;Heunggongvirae;Uroviricota;Caudoviricetes;Autographiviridae;Studiervirinae;Przondovirus;unclassified Przondovirus;Klebsiella phage BUCT-3589
2973522;Viruses;Duplodnaviria;Heunggongvirae;Uroviricota;Caudoviricetes;Autographiviridae;unclassified Autographiviridae;Pseudomonas phage LUZ100
2969440;Viruses;Duplodnaviria;Heunggongvirae;Uroviricota;Caudoviricetes;Autographiviridae;Studiervirinae;Teseptimavirus;unclassified Teseptimavirus;Escherichia phage 04922B
2984979;Viruses;Duplodnaviria;Heunggongvirae;Uroviricota;Caudoviricetes;Autographiviridae;Molineuxvirinae;unclassified Molineuxvirinae;Klebsiella phage pKP-M186-2.1
2982902;Viruses;Duplodnaviria;Heunggongvirae;Uroviricota;Caudoviricetes;Autographiviridae;Studiervirinae;Pifdecavirus;unclassified Pifdecavirus;Pseudomonas phage PSV6
2985664;Viruses;Duplodnaviria;Heunggongvirae;Uroviricota;Caudoviricetes;Autographiviridae;Studiervirinae;Teetrevirus;unclassified Teetrevirus;Klebsiella phage KP13MC5-2
2984833;Viruses;Duplodnaviria;Heunggongvirae;Uroviricota;Caudoviricetes;Autographiviridae;Studiervirinae;Przondovirus;unclassified Przondovirus;Klebsiella phage vB_KpnP_K2044-HW
2996176;Viruses;Duplodnaviria;Heunggongvirae;Uroviricota;Caudoviricetes;Autographiviridae;Studiervirinae;Przondovirus;unclassified Przondovirus;Klebsiella phage vB_KpnP_K2044-EW
2996175;Viruses;Duplodnaviria;Heunggongvirae;Uroviricota;Caudoviricetes;Autographiviridae;Studiervirinae;Przondovirus;unclassified Przondovirus;Klebsiella phage vB_KpnP_K2044-302
2996155;Viruses;unclassified bacterial viruses;Klebsiella phage ZCKP3
2996118;Viruses;Duplodnaviria;Heunggongvirae;Uroviricota;Caudoviricetes;Autographiviridae;Studiervirinae;Berlinvirus;unclassified Berlinvirus;Erwinia phage pEa_SNUABM_57
3003584;Viruses;Duplodnaviria;Heunggongvirae;Uroviricota;Caudoviricetes;Autographiviridae;Studiervirinae;Teetrevirus;unclassified Teetrevirus;Shigella phage CT02
3003725;Viruses;Duplodnaviria;Heunggongvirae;Uroviricota;Caudoviricetes;Autographiviridae;Studiervirinae;Pijolavirus;unclassified Pijolavirus;Pseudomonas phage UFJF_PfSW6
3016016;Viruses;Duplodnaviria;Heunggongvirae;Uroviricota;Caudoviricetes;Autographiviridae;Studiervirinae;Przondovirus;unclassified Przondovirus;Klebsiella phage Kp_GWPB35
3016015;Viruses;Duplodnaviria;Heunggongvirae;Uroviricota;Caudoviricetes;Autographiviridae;Studiervirinae;Przondovirus;unclassified Przondovirus;Klebsiella phage Kp_GWPA139
3017291;Viruses;Duplodnaviria;Heunggongvirae;Uroviricota;Caudoviricetes;Autographiviridae;Studiervirinae;Kayfunavirus;unclassified Kayfunavirus;Shigella phage SFP21B
3017290;Viruses;Duplodnaviria;Heunggongvirae;Uroviricota;Caudoviricetes;Autographiviridae;Studiervirinae;Kayfunavirus;unclassified Kayfunavirus;Shigella phage SFP21A
3017289;Viruses;Duplodnaviria;Heunggongvirae;Uroviricota;Caudoviricetes;Autographiviridae;Studiervirinae;Kayfunavirus;unclassified Kayfunavirus;Shigella phage SFP20
3025411;Viruses;Duplodnaviria;Heunggongvirae;Uroviricota;Caudoviricetes;Autographiviridae;Studiervirinae;Teetrevirus;unclassified Teetrevirus;Serratia phage HMGUsm2
3018522;Viruses;Duplodnaviria;Heunggongvirae;Uroviricota;Caudoviricetes;Autographiviridae;Studiervirinae;Przondovirus;unclassified Przondovirus;Klebsiella phage Oda
3018523;Viruses;Duplodnaviria;Heunggongvirae;Uroviricota;Caudoviricetes;Autographiviridae;Studiervirinae;Przondovirus;unclassified Przondovirus;Klebsiella phage Toyotomi
3018524;Viruses;Duplodnaviria;Heunggongvirae;Uroviricota;Caudoviricetes;Autographiviridae;Studiervirinae;Przondovirus;unclassified Przondovirus;Klebsiella phage Mera
3018525;Viruses;Duplodnaviria;Heunggongvirae;Uroviricota;Caudoviricetes;Autographiviridae;Studiervirinae;Przondovirus;unclassified Przondovirus;Klebsiella phage Speegle
3018526;Viruses;Duplodnaviria;Heunggongvirae;Uroviricota;Caudoviricetes;Autographiviridae;Studiervirinae;Przondovirus;unclassified Przondovirus;Klebsiella phage Cornelius
3018527;Viruses;Duplodnaviria;Heunggongvirae;Uroviricota;Caudoviricetes;Autographiviridae;Studiervirinae;Przondovirus;unclassified Przondovirus;Klebsiella phage Tokugawa
3018528;Viruses;Duplodnaviria;Heunggongvirae;Uroviricota;Caudoviricetes;Autographiviridae;Studiervirinae;Przondovirus;unclassified Przondovirus;Klebsiella phage Saitama
3018529;Viruses;Duplodnaviria;Heunggongvirae;Uroviricota;Caudoviricetes;Autographiviridae;Studiervirinae;Przondovirus;unclassified Przondovirus;Klebsiella phage Emom
3018530;Viruses;Duplodnaviria;Heunggongvirae;Uroviricota;Caudoviricetes;Autographiviridae;Studiervirinae;Przondovirus;unclassified Przondovirus;Klebsiella phage Amrap
3018531;Viruses;Duplodnaviria;Heunggongvirae;Uroviricota;Caudoviricetes;Autographiviridae;Studiervirinae;Przondovirus;unclassified Przondovirus;Klebsiella phage Whistle
