GCA_014337635.1_00003	4	{'hypothetical protein': 4}	MKLNELKAAALRELSKCSTAEEIVQFHGHVNFAITINHRGLEYEVGHWDGWQGDFWLYEVSTGMIFRGTLAYLKDLIITCSAARHEPNGTRHIR
GCA_014337635.1_00004	3	{'hypothetical protein': 3}	MKLTIEQIRAKYPAAAERMIGERRVLRKLLEAIRGSGYQFRINNGEDFECGHTQDPQVGIDACMTTDEDHVVVYRIRPDDGTLQRIGKFWLVYGNSPEEVIADYSTIESLESLFSRWFDEATITH
GCA_014337635.1_00011	1	{'hypothetical protein': 1}	VKLHDQADLKVQHIKFLCLIPGQGVPQLVEFSVGLGPCGRHVEELMVEFNKHFLKITQWSVDELGMLDDPSEIKDFIYMMSDIRGRIVTTR
GCA_014488975.1_00001	1	{'hypothetical protein': 1}	MERIIKQVFISAEHINLSDTDNAIRTCRLEDILLHDK
GCA_014488975.1_00003	2	{'hypothetical protein': 2}	MINITDGLSVDVPFNKTQVRLWVGGMDSEEGYTWFTQFLNKQEVDKLIESLEQLKGELEDE
GCA_014489655.2_00001	1	{'hypothetical protein': 1}	MRGKKLILEATETGCIIPTSHKLNQDGYFRKRTNGVLEMYHRTVWIKANGPIPEGFEVDHKCRNRACCNVEHLQVLDRDSHLVKTNQERYAARKLEARDYWVETGCTGTKLAEVFNVSFSAACGWIREWKA
GCA_014518185.1_00011	21	{'hypothetical protein': 20, 'gp0.6A': 1}	MATLIAIALFAVAGWYSESRKAARYQRKMVKLMEHLDAEGRGREAIELVKHA
GCA_014656775.1_00051	10	{'hypothetical protein': 10}	MTNAQRKRYDALQEKLAVAYAAWQANTDKSKHDKLYSKVVAINAKIDKLVNSIL
GCA_015147065.1_00001	1	{'hypothetical protein': 1}	MINQIKTTKSNVNGNVSHFIGDNERGTPYAAVTVQPNGDYWFTVYGSYSFGRPAHDKILQAVKPTGKNITAEKFYKK
GCA_024499755.1_00008	1	{'DNA-directed RNA polymerase': 1}	MSEPSKKQLELEQSICSISAYNKISKQNKNIEKGKESENYYARNLIEAGLDKLTKYLKEHIKVSFTGKAGRQVISAIYLAKFPDLDVVSFIAFKQIIDCISVQKTTTQTAVKIGQMLEDELRFTEFEKQDPKHFQAIKKHTRDTNHDGYKKRVMVHHMNRKGHTFEPWPKSIKMRVGLKLIELTAMKLKMIKFISKRVGKSTTSYVVFTDVYMKYIQQGRANRIALYPQLLPCYDKPRDWTSINDGGYFTKRLQTTAIKSTDRDHLKKVQEQDLTLCLKALSLASQTEWTVDKFVLDILEYCWEERIEVGSLIDRELKEVPTKPINKEQDPEAWKEWRYLASLIHDMNAQNRSKRYQIISMIDTAKKYVGEKFHHIYQFDWTGRMYPVTANFHPQGNDIARGLHIFNKGAAINNMEQLNWLAIAGANHYGLNKESYEDRIKFAHSLGTDWAEDVYKDPIGNIDIWGQAKEPFQFLQWCKEWSEFQLHGWGYVSHHVCCLDGTNNGYQHIAGLTGNQKLANKVNLQNVEKPQDLYKQVLDVLLMLIKHDNTEQAKEWYKERDKFTRAFIKKPVLMIPYNSTTYGIANYIEKYFVNENVFMAKNFKNNFYLATMIEQAVKYVTPESPKLLDHLTDIAKCFNKENKPIAWHSPSGFYVQQNYYQSQVKRVTTKISNSSIKLSLNESDKNKIDKRKQMQGFPSNYIHSLDAAHCHMSLVEASKQGLENFCIIHDCYGSPASELERFIECVKQSFFNIYSDNNLDNLYHQSVQQLSDSKSLPTALRMGSFDITDVLTAPYIFT
GCA_024499755.1_00042	2	{'hypothetical protein': 1, 'anti-restriction protein': 1}	MAFSKPQIKVEEQILEDLMNIINSNKNKSPWHRPWTPTNQGNHINFLTNHEYSGANPLLLEMYMFSRGQDLPLWAGYSQAKQQNFIVKKGAKCARILRPNLIKIDLKDENGKPILDKDGNQEFIIKTRFKGATVFNIQDMAGKDSKSQAKLDKIIQDFKSNCTKKAKPLARRCKLAHDRLMIFKDQLEGGLKHGSDSAYYRPSLDQVVMPDRSTFKNDEAYLSTLAHEFSHATGSTKRLDRAWLKGYSKTSNRALEELTAEFSSLLISNRLQISCDTQNHVSYFESWIGALDGKASNLMKVFSSAVKAADLVVGEQ
GCA_024499755.1_00043	1	{'hypothetical protein': 1}	MVKTNYKSLAKKRLRELSNEYQELKDKHELENPDSDYEYEDDEFICSISDLEHLIEDDSYRTKFNISGDFSKDSHCHFKTHHIFKDLQGHDDDIQEYEDQIKRLRKKILISKILKTQTLNDTLHLTDKQIAKQKNTFVYNVRQKAKRELYNKVCRDQHEIFLKYRRYC
GCA_024499755.1_00044	1	{'hypothetical protein': 1}	MMFSCLQGYALTTYDKLVEVLGEPDYKREGTYSNPSIHDGDGKVSVEWSKEHFTVYDWKLDETPKDEHFWHIGGMSANALSKFEQATGIRTGRN
GCA_024750295.1_00004	3	{'hypothetical protein': 3}	MNYEKLYKAYYYNALVRGEEPLSFAEFMEAIS
GCA_024750415.1_00044	2	{'hypothetical protein': 2}	MHTVVEALGYTLCIDGSVLNKAGKPLKGSRTPEGYYQLRVRLTCGNTKTYYIHRLIASKYVANPDESRYNRVNHKDGNKANNAVDNLEWVDARGNMLHAMGVSNYLEVSKEDIIEARKSRASAYYKARWAAGYRW
GCA_025085125.1_00045	7	{'hypothetical protein': 7}	MTKLTKAEVIEHCREVFRENPETFRGDAVAKREYFSDYTDMLCKDEVITTHQYNTWSNPF
GCA_025085125.1_00046	9	{'hypothetical protein': 9}	VSMYDLAHEIRVQRESQEKALLRKTAILLLDFKTWEQPTQAEFIEFCEKYLNISKSTGYRLIKELKAGNL
GCA_025085125.1_00047	4	{'hypothetical protein': 4}	MKIKRVVKNATYAKLYGCSWRKFKKLVRSSPDENISRIPARKLKSLWNEVLP
GCA_025085155.1_00010	1	{'hypothetical protein': 1}	MAMAITAKYLAPTNTRGSRIKVSSWKGSTTHFWDHVMNASENFQRAMDEHIKAKCTIPAEDIYWKCLGYGEDHNDQRVAIIECTSQAYNWSVQDWYRTHFGA
GCA_025085155.1_00012	1	{'hypothetical protein': 1}	MINPLLTEGAKVAYINDHGWTERAYVVQQYQSVLGVWCVELHTGIRLPIHKVWAIK
GCA_025085185.1_00001	9	{'hypothetical protein': 7, 'putative F-box domain-containing protein': 1, 'SAM-dependent methyltransferase': 1}	MAREVYTYTIKFKLEVVNALLNRGSGVTVLDVAERFNLGKSTVQAWHAQYKKGILSLDNAIAVSRKPNTVVNGDTYHVAGKSFRTKEEAIAHAVKLAGGITVTRIVTEQVTI
GCA_025085795.1_00002	3	{'hypothetical protein': 3}	MTISIYAIKRVFNKVDLEYTYHFADFRGRMYAVTREEFLEIAHSTRFILGTVKTTESPVMKVDTWLVY
GCF_002957955.1_00001	1	{'hypothetical protein': 1}	MANNYIHKEINLKTLKDNGYEVTTEGQVISHKGRVPRVLKSPVGSHGYRVVNLRLDGKSSIGW
GCF_002957955.1_00002	1	{'hypothetical protein': 1}	MIKYGITLEDLKYYRFALMHGKHHDYLMAALRQTKWGYSMSLRIDTRHIRAAQLAMAYGASDALTKRILTKHRKMTARQAACAVKWARLTLLSYQ
GCF_002958225.1_00002	2	{'hypotheticla protein': 1, 'hypothetical protein': 1}	MKHIATQHIINQYPVSLYLCEPIATCHDEEVYEHGKYYVTCGGEGHYFMKEFEALDAFSTLVNHQQSQVYDMYQIYKLRHSDTLYAIKERKIYKWDVIARQWQRCKGKVRDIKKHCDLIN
GCF_002958225.1_00004	3	{'hypothetical protein': 3}	MKQTYEQYRAEMFKYHQFVIPMTFEEWSKYND
GCF_002958225.1_00005	3	{'hypothetical protein': 3}	MRNLERAMQLATLTLDNFSNWFEDEGGVSHFVMSKVKMDEGTSQCEAVPDNETDFDFYSIYAYTKEGTCYAITDTATNTASEFRLMRDVRDSLNAMLPPNEPRKAVKS
GCF_002958225.1_00006	2	{'hypothetical protein': 2}	MMTLKEYKKTLRYAVGYSASLATLKRIARNSKVKHLPARSKLRIAKRARSQDKMIAFAHRYSAASTPRTSRQVYDGFIQQAADFSNIELKILASHTDINDSYLLID
GCF_002990805.1_00001	2	{'hypothetical protein': 2}	VITYGLTQYTLQTYRGFLGYGMTHERAMESLKRLYKHNKDTYVNPPDFSNVYGHSDYVSPARAERLQPNKG
GCF_002991165.1_00001	1	{'hypothetical protein': 1}	MAADSAIPHYYSDIFSVMASEGIDLEFEDSGLMPDTKDVIRILQARIYEQLTIDLWEDAEDLLNEYLEEVEEEEDYEDYEEDEE
GCF_002997865.1_00002	34	{'hypothetical protein': 33, 'RNA polymerase': 1}	MRGLYDYHFGTTHGTTVMLKHYVMPIRHSTGATVCTPDGFAMKARIERLKRELRTNRKLNNI
GCF_003093955.1_00001	2	{'hypothetical protein': 2}	MQRHINLTANHLRIMSNTFHRIAKTYSTGKTASHSGTKRARLVAKTKALIYSDLAFDKA
GCF_003093955.1_00002	1	{'hypothetical protein': 1}	MRTYAVEYRTPKEECKDFILDLCVLAGLVVLTVLALGFIGWAVSHL
GCF_003093955.1_00005	1	{'hypothetical protein': 1}	MTDLNSVGPSLLANLVHSQDAAILRDFRHRNYKTPRCQFAQLLYAEDKRLSFKWAYGAGVANFTATEVDTLNRLANKVRHSV
GCF_003093975.1_00001	1	{'hypothetical protein': 1}	MTKQDYLQHAYSFHRWAQVFGLPWRDAGSKRFALLCKAKALIASDRASDME
GCF_003093975.1_00003	1	{'hypothetical protein': 1}	MKCVSSEEMNIIDATLYDYDLTDKQYEAALQMVEDRACDTSLPFNPYNAAHTAGSIAKRQY
GCF_003093975.1_00005	1	{'GNAT family N-acetyltransferase': 1}	MKQAFKLCRICQQAPLNVVSMARLFSCKCIYLPVVHKQAY
GCF_003093975.1_00007	2	{'hypothetical protein': 2}	MKHNLVATRRFHDETQFELDPSWPTSLQLDFASLELRVLAAMEQPLYGLRVRFAEALRKEDKNLFYKWLYQGTLTNTERDTVAIVARRVRSV
GCF_003093995.1_00003	17	{'hypothetical protein': 17}	MRKVAELAGLCGDSAKVYRDSEWQEWRVKFFAGGVYQPDSDYHTTDKQDALDTGNAWLIKQDDDRRN
GCF_003093995.1_00006	1	{'hypothetical protein': 1}	MKHHDFKLRLPVWPSLDLNAVGPALLSHLTEHGGDIVHMGDDFDYQAVSYHDETQFSTVGNSVAVNMVHALDAAMHNAGYFNTDHKRARFAELLRKEDKRLFYVWMYHGANYTATERDTLNRLANKVRAESV
GCF_003094015.1_00001	1	{'hypothetical protein': 1}	MTYYLFKYGYAALFYSLLSACGVMALLTPIVVASLVILGVAA
GCF_003094015.1_00003	8	{'hypothetical protein': 6, 'GNAT family N-acetyltransferase': 1, 'putative acetyltransferase': 1}	MASIIIQMADVTKFYYALGHARRVHKHGEALTKADDFVSALAQRFIKFKERYPNTPHKDIQEMFYKHYAKLFLVKDGQRLTGMFAVIDGEIQALVSLGVSGSWLVQKAIQEGGKTLDCFDGFLPDFYKRHGFTEYKREPNWTEGQPDVVYMVLKP
GCF_003094255.1_00003	4	{'hypothetical protein': 4}	MKQVTMRITLKDSCGTVCTPNGFALKARCERLKRELKANQSSSLYSVGGFNHA
GCF_003094255.1_00004	4	{'hypothetical protein': 4}	MRKLIAAALLVLSLSACTSHVVVHVDRSHNGDTVTTVEVTKTFLK
GCF_003094295.1_00001	1	{'hypothetical protein': 1}	MVYLSAFRNERSEYENNKKHSNLVSWLQSQAFDRGNDFKVVSASLTGSHHERGQAVTSVERTIQVQVSDWAFVEVIAKHAHLWYQQEAVMVVATQTHSAMFINMSSRVAGLFPQTIVRLDCSDIVGTLTEVQHRALDDHEAWTIDQHGKVWVTVPNDAPEAPNTAPSVAYVNANHDDLDADSITCCYDIVMDSLHHLYNTEEEISEQLGTSVFGLIEALQTAKGLVK
GCF_003094295.1_00004	214	{'serine-threonine kinase': 83, 'seryl-threonyl protein kinase': 1, 'hypothetical protein': 28, 'putative protein kinase': 9, 'protein kinase': 34, 'protein kinase%3B inhibitor of host transcription%3B positively regulates RNaseIII%3B negatively on RNaseE': 6, 'Protein kinase 0.7': 45, 'serine/threonine kinase': 8}	MKLNALTRTALINSTIASIKALPIDRVGERPTRIVELLAVLVDDIKSNFQTSEMCIARQTWYNPVRDCIAEAGFELLGQGYFSAAFSHPMTPKIAYKVGFKKEDSGAAYAAYCRMNAGLTGIPKMLDIQRHSECYTVIMPLYQAYTDREENEYRCDQVELVRAVANGEKTYVEEYDPRYREHLKHLEVTMKGIKSFFKGIASIDMHNGNVMFDEYDNLVITDPVSFAARGNDKRRFLQDAESFIVDAESLLKEVAVVAEANMIAKCVARHQSKQPDCWKQRRSRNQRYIRRVQRRKDAKLKRQISNVVEALNA
GCF_003143215.1_00047	2	{'hypothetical protein': 2}	MNTKHAIDFNRPFAAEYARQREFPEFWARLTTASRHAMVLYFSDSSRPLGACERDAGVTNTTLRQALQTRGLLAAPVKSVRSASHAPTGSLQGAVGALQAQLDAIEDKQRTLQEEHRKVTQALNAVKALF
GCF_003143215.1_00051	2	{'hypothetical protein': 2}	MNTVNSIGIDCDTHLQARMINALKRLKSTVSVQDGGKYHQSPAQCVIRLETTMTEEQVDEWACRVKAGSGYIGTFKLL
GCA_002600045.1_00004	14	{'hypothetical protein': 14}	MTERTDGLKKGYMPNGTLYAANWRIVRTWRENNLERRKEQERAAWHRRKEKVKAKKLAALEQALVNTLNAIS
GCA_002600045.1_00005	5	{'hypothetical protein': 3, 'Protein kinase 0.7': 2}	MNITDIMNAIDAIKALPICELDKRQGMLIDLLIEMVNSETCDGELTELNQALEERIALHWRNADRMAIANGLTLNIDKQLDAMLMG
GCA_002618525.1_00031	7	{'hypothetical protein': 7}	MDLDSIIMAFALIGLSWCSYHLYREFLFDKAKRKLRKEGGNYLCVRGGLVEYIAPNGTECAINKDAFIETWHYIK
GCA_002629945.1_00003	14	{'hypothetical protein': 14}	MAVDIMKDAIHALNYALAQKESNLRAIENWAESFNHDVRFLPEHKQTREEITALRRALGALTK
GCA_002629945.1_00004	14	{'hypothetical protein': 14}	MKTSKYFKAATMAMAYGASTVIAYNTTKCFIDCGLLNKRRVKKFIKKHNAKIADFRGRIYPVRYIV
GCA_002921805.1_00012	1	{'T7 RNA polymerase': 1}	VELEAQMRPAAILKFKKNMLSLVNSDNAISTPPVYSLLINSLKTLEYGIEQYLSTGLYSVGKKAISEHFRGREDELALLVLTDALNLILKQPPKVQEITIKLRNTLREAVYIDHFNKAGNTAKLSSYIEYENLDKSARYVKRQKLKTIQKLEIDVENLIGIQECSKLIEILVLSLPNVFKIIRKHSPEQKSAGKRTDPYKFIILTSDAETKITKIADQISALGVQYKPMVVAPKNWTDKTVGGYLNTPLPFIKHKNRSSKTLLLDNFPEHNFSRLFKVINKVQATPWRINKRVLEFINEIIDTSIESPTAPIFNKKLLGGIPYWKPQRAEDVINPDTYGKNTIKKGAKFPFFDDYADFKVYRRAIEKQIHLNNANKSRKIQLALTLDLANQFKDFEKIYFTYKIDFRGRLYPVQQMLNPQGSAIIKSLLEFSEGQVPTERGIYWLKIALANSYGKSKLSFKEREAWTNENIEDIKAFAENPYDALFFVEEADEPFVFLSLAQALNDGLQGKEVHVPVGLDASCSGIQIYAGLMLDEKAAKSVNVINNEEDKPADVYDLVAKKVVSYLVAGDYPKIFSFTTRDGIKKEVSTEIEANSLIKTLNRSHVKRNVMTLPYSVSERGMYNQLKEIFKVAKDDNIPFWKGEEFIAIRLLVILNKKAIKSIVVGAVKGQEFIKSITRDFSHNSKNSMFWLSPFFNIPIIQHTTAKKVHRYKTALGYLRFKINTDILDKKKQSSSIAPNLIHSLDATLMFLTVEDMIKSDVENFQLIHDCYYTDCNNIDIMNKSIRKSYFLLFNNNPLQEWLEQINTLYDTHKKASDIMINTLVLDDVLKSNYLFS
GCA_002922415.1_00055	4	{'hypothetical protein': 4}	MKVQVKAYNMPVDEIQHFLDKGYDLCKMRTPDNYDYSPKYLHYIDLKMGKKLVITGTAYNRIIKVLKEGANHDIK
GCA_002922415.1_00056	3	{'hypothetical protein': 3}	MPLIKSVKQAAVRQNAEELIQSGRDPKQAYAIAKDVQRRALKKPSASSA
GCA_002922415.1_00057	1	{'Tail spike protein': 1}	VNSSVGVGSVVVKDSYIYYIFGGENHFNPMTYGDNKDKDPFKGHGHPTDIYCYKMQIANDNRVSRKFTYGATPGQAIPTFMGTDGIRNISAPLYFSDNIVTEDTKVGHLTLKASTSSNIRSEVQMEGEYGFIGKSVPKDNPTGQRLIICGGEKTSSSSGAQITLHGSNSSKAKRITYNGNEHLFQGAPIMPAVDNQFAAGGPSNRFTTIYLGSDPVTTSDADHKYGISSINTKVLKAWSRVGFKQYGLNSEAERNLDSIHFGVLAQDIVAAFEDEGLDAIKYGIVSFEEGRYGVRYSEVLILEAAYTRHRLDKLEEMYATNKIS
GCA_002990555.1_00001	4	{'hypothetical protein': 4}	MERNAKAYYDLVAHAVQRFNERIQCNVHLTQEHNVITYGLTQYTLQTYRGFLGYGMTHERAMESLKRLYKHNKDTYVSPASAERSQAH
GCF_000918515.1_00016	1	{'hypothetical protein': 1}	MSQNNEGFEKSRNTKPRRDWADLQAARKRKEKR
GCF_000918515.1_00017	1	{'DNA ligase': 1}	MLIVKRGKNTAKTITHKTRVVNAHDFECAQCAFANDNEACRTHDCDPRDFPEQGLESGVTIIWVPRKRLENHDA
GCF_000918515.1_00018	1	{'DNA ligase': 1}	MPDLFALHGFHAYEPQGALKFNLRQITEALARNGLLYVGRKVDGIRGIIQVHKDGRVTITSRSSKVLPALKELVPPYLKETVRETFPDGIVLDCELSVKGRTFQEGGGDLRRKKAIDNKALIVWPIQSFNYDDIRAGRRSVLSFVQRRNNAQAVAEKLGALIGFGVADLRLQSLLDVDDIEPRFIEQREQGFEGLILYAPDALDRAGKVLGWWKVKPEDTIDGKVINWGEGTGKFAGITGFVTVEYEDGTVGDVGTFEGDEDATRRLTREQWIGRYVEVRYMERTDDGNLRHPVFVKFRDIEGEEGVKS
GCF_000918515.1_00019	1	{'DNA ligase': 1}	MSLPLVVLLSGAAVVLIAVCLIKLGDVIDNEVSDPFRH
GCF_000919455.1_00001	3	{'putative ABC transporter': 2, 'hypothetical protein': 1}	MNEYSGWFFTYNSFSRYFGTHHLTGLTPLGVVTAALLVIAMYKAIKYGFNYYRGKQLAKSLIVPEGPHKGSEDTQG
GCF_000928875.1_00003	3	{'kinase': 1, 'protein kinase': 1, 'hypothetical protein': 1}	MLTFENPIVRELINLADSMVRDVREGDYIDYQVRDFEKTAKEQGYVKLGSGFFSQAWTHPEIKNYAIKLGFKKEDSGAAYAAFCRDNQDLEGIPTIYGLERFSSCYVVLMDKLVAYDKLTRIFKTKREYYRAAGKTALEYPAFMKQFGKLEEIFYCNDNDESLPIYKTAIRVRDFFRGIAKFDLHSGNVMVDKFGHLVITDPVSFVKTCKQEHHAIKRNPIANPFVLPNHAHAADAAMIAEEIAFRKPFPFQNIIIDELNKCEWNECRKPKIEKGATNSKKPAFLVAHDARQGIKRNK
GCF_000929515.1_00001	1	{'hypothetical protein': 1}	MSITLDRKIATGLIGRAKTGNELLNVLDMIVDSFTKSNKPEPTTETIQF
GCF_000929515.1_00002	1	{'hypothetical protein': 1}	MTTTCLPFSVLRDAVLECTSYDLRELIDDGELAYALIDPFGDQDGDLFYDLADVEDYITINSEVEDYLDNYIKEN
GCF_000929515.1_00003	2	{'hypothetical protein': 2}	MQTYQLFMGRNIPNGDVVTNRDWEQFINVLDTVFDGYTISNVDGVWKSEHEDTKCVSVCTNYFDDVLYVARKYKDAFMQDSVAIQTLPAMEFV
GCF_000929515.1_00004	1	{'hypothetical protein': 1}	MSKKKKKAKRIDFSAANNIVSFNRDDVDEMISKDELHDYGDYVVARNAARMLLSERICPHLFHQAMMDEMESQGMEVA
GCF_000929515.1_00005	1	{'hypothetical protein': 1}	MYCIARINDDGNWEYLDNVPTYSDAEELLEFYCDMYPHAYIDILAVD
GCF_000929515.1_00007	1	{'hypothetical protein': 1}	MTDEEYMQQLINEWKRIDDDPDVEDDFFDLINLMEDCE
GCF_000929515.1_00008	2	{'hypothetical protein': 2}	MKAKAQVIIDMCLDDGLSAALYNSEPALTDAQVISIIDKAKHEIWLQLDTYFVFE
GCF_000929515.1_00009	1	{'hypothetical protein': 1}	MTEAQIITDIIGGLGLFITAGVLITGFKYRGL
GCF_000929515.1_00010	3	{'hypothetical protein': 3}	MQTYEITLSTGTWYILAPNSEQAAWSALELSKEKQATLINVRVSDEW
GCF_000929515.1_00013	1	{'transcriptional regulator': 1}	MQLISFGNFYLGLDKESYTDALVHIGRIRLEWDCRPRNNGPLQTPAHQPTDGEGAKGHGPITSVGS
GCF_000929515.1_00014	4	{'integrase': 2, 'transcriptional regulator': 1, 'phage-related integrase': 1}	MERVQKVMDLLRLLDREVPAQVLATFFYVAAHDNCHKQAVEEDLQLSTAAGSRCTDKLTDMSWVNKPGLDLIIKEQDPCNKRRQQLRLNAKGKALIKQIEDILYGD
GCF_000929515.1_00015	7	{'integrase': 4, 'phage-related integrase': 1, 'Integrase': 2}	MEIKTWGQALDYTLSTRHTWRHGNGRKTALINAGHFTSSVGLSFPVRKIDQPLLTRVAIELEDAGKSDATINRVVSAVSTVLNHCAFDGLIPSPPKFRRRKENEGRVLYYTKDEVHRLVDLSTNVLQRDDLAEITLFAAYHGLRQGEILKLRNKDIDLVTKRITVGGEAEVTTKAGNVRVIPIHDSCIKLLHNRCSQSSGHVRIFGDEWRDKDQLLRNFRKINNLLPKPDGYVFHTLRHSYATWLADAGVPIRTIMYLLGHKRIETTLRYAKATDSALVEAVTAI
GCF_001040975.1_00004	1	{'hypothetical protein': 1}	MINGKLYFSEVTHCYYLVNGDSYHYYETFRNTLWQKSINNAALLFYSRIDLRLLGNNFRLK
GCF_001041455.1_00001	4	{'hypothetical protein': 4}	MKLNKMRKTAKYVMCYGARYETFEAILLAKKAKKRYIKKAWQQAKADLANMGSYGTPKAVLRGADRIMSYRKVYSGDIANFIIFDEVQHAIN
GCF_001041455.1_00002	1	{'hypothetical protein': 1}	MRYNMQLTDDELMIIYEMLCFIGLTNNLTKKEQALYDKFIEEGYAK
GCF_001041455.1_00003	4	{'hypothetical protein': 4}	MIYEIYLSDYASFKLLSSWCEAESRTYKLNGDQEMYVVKIERMYSEQTLRELLVENGIEFDDIIPFKMF
GCF_001041455.1_00004	3	{'hypothetical protein': 3}	MDIILGSFELYINIESIYAITIGSVVYSICKALTATLK
GCF_001041815.1_00001	1	{'hypothetical protein': 1}	MIGLLNKLMEFIMITQTKPTSGQFVVVWEYKGSIWSGTYRYYDDTLLELINDEWISINESHFNNVEVLFYVVK
GCF_001041815.1_00006	150	{'Overcome classical restriction gp0.3': 34, 'ocr-like anti-restriction': 15, 'hypothetical protein': 83, 'DNA mimic ocr': 1, 'overcome classical restriction': 1, 'receptor binding protein kinase': 1, 'DNA related protein': 1, 'Orc protein': 1, 'restriction-modification evasion protein': 2, 'protein Ocr': 4, 'putative restriction-modification evasion%2C mimics B-form DNA': 1, 'Ocr-like anti-restriction': 1, 'gp5': 1, 'gp0.35': 1, 'putative protein kinase': 1, 'ocr protein': 1, 'putative antirestriction protein': 1}	MSNVTYHSLYLSAKQGLINVIRDNDLRDYDEACDYVHEVADIYVPHYYTDIFSVFAGGGISYEMDDAGFIEGVTDVTKILQIRIYEELSKDLFSDLEDLIEDYLNEIEEEEEDNN
GCF_001470735.1_00006	5	{'hypothetical protein': 5}	MTIECKTFNDFMDTVEDLVKRGLMFNANGTTWVITLTGGY
GCA_009797615.2_00010	2	{'hypothetical protein': 2}	MSAQAKQTQTAPTIIALLSAANMAQTGPGVFAGVINQATPEERAGVKNMKDLLALYFKVHARVVAEISAEVEATTDHRAPLVDLSDFAETLAEYFSRADEVVPEGVTLQ
GCA_009797615.2_00011	2	{'hypothetical protein': 2}	MAQMRAWVYKAHWRRHLAAQGIVLRKYEVDKEYMHRGMTQAIFRRNKAKLVAEYTEF
GCA_009797615.2_00012	2	{'hypothetical protein': 2}	MDIVDELEIGPSYALNSDEKWLRKRAAEEIRRLRKQLADAGWALEAARELEDQRDNGGWL
GCA_009801405.2_00051	1	{'hypothetical protein': 1}	MKNWTMQDITNATNIGTIELESGNYFEVFQTQDALVFGNFSNTGLIQSGYMQLDSYLSLDDNLQELVQELETYYQDGKGFTTDLVTNDRM
GCA_009828395.2_00002	1	{'hypothetical protein': 1}	MMINRDTAFKALFEALKAKASLNTDGFLAAAMDDIEDTMGTIQPANLVHAMDAAICNAMPTNHDDMTVEQVAICYDVVMDSLSNLQALHGDDVSDTLGHSVFDVIDLLHTAREAFVWSDVPKVELCEPLSHQMLVHTLEQMK
GCA_012637005.1_00017	147	{'hypothetical protein': 92, 'SAM-dependent methyltransferase': 31, 'S-adenosyl-L-methionine hydrolase': 17, 'gp0.4': 1, 'putative S-adenosyl-L-methionine hydrolase': 2, 'putative immunoglobulin-blocking virulence protein': 1, 'RNA polymerase sigma factor': 1, 'putative adenosyl-L-methionine hydrolase': 1, 'SAM hydrolase / restriction inhibitor': 1}	MLHTNEPANKIMVALSAYRATNSTQRNIESQVVLLNALKAGSFEILDDNMTGYYCEEGQPVPTVEQSVMVLCNDLLEVGLLARIAKEGFNQDCIMAVTTQTHTTRFVTYDDNGQVIFSKAMGTLQQVKSSAGIEAYTIDSTGNVWAVIS
GCA_012637005.1_00018	1	{'hypothetical protein': 1}	MSPIQQEAERLERELSERLLRFSKPIDRQPANLVHGYGAYFQNLREGETALSFNEWIEAVS
GCA_012637005.1_00019	1	{'hypothetical protein': 1}	MSKFLPVTEQRSECTIVTNKTIKTVSLEVKLEDIRGVVVWAEGNYRGIKIINTGDEYVTVTFDHWRTLEQLSESLIPYTESTFKLSYLL
GCA_012637005.1_00022	1	{'hypothetical protein': 1}	MNTTTKLTNRFPLTVHGFYYAADYLLTDKALVDGYALTDEELKAYLLYPHGRREDFVAIIHRANKVRSEAHKNAMAINSL
GCA_012637085.1_00045	1	{'hypothetical protein': 1}	MTTQCKVSRAQSELNDTIVNELGWLVFTKLCQAPELLTNIEKDNILDLSTRIHKQYGL
GCA_012637085.1_00047	1	{'hypothetical protein': 1}	MKYILLLALLIASCNPAMASQQNDKRLIDAARKAAAVTCLDSDNFTGCMSMFNKAFTDFYLESFEKDDK
GCA_012637085.1_00048	1	{'hypothetical protein': 1}	MHCGCYLLDFKRPIFLSYRVVTMSYENLLGLVSCFYVLFAFWVYRDFMKVFETYRVCRRNGTWIVRDSKGRFVIITKSFWRMVTLGASL
GCA_012637085.1_00050	1	{'hypothetical protein': 1}	MQTITTKYIAPTNTRGSRIKVTSAWGSKTYSYDGAASEPHKAAFDEYLAMINKEMAERHPDCQEAVELQGFKLVAWAGLPDQRGCAFIIK
GCA_012637085.1_00051	1	{'hypothetical protein': 1}	MKQLTMLSTITSTIVEDTDNNTLTFLVNGKQVTRKINSKYFSNWGIDTVRVDNVMYQIDESRMHHLVKSK
GCA_012637085.1_00052	1	{'hypothetical protein': 1}	MFKFVTFSSKSGTSTHVHNLYSLGLEKTHQQCRPARYYVTILDFVNDGTTVQVEVAEVTYCKLLGLLTL
GCA_012637085.1_00053	1	{'hypothetical protein': 1}	MKPNVKDIPPPLEVWDKYYDASTRSLCIRWMLEAPRQVTLLHRSEWIAYWKLHTTFDVIYSSIKNYPHHKLGSVITDANEGQAFLFSLSGKYPLPKGIYRNTY
GCA_012637085.1_00054	1	{'hypothetical protein': 1}	MKVLDLDYADLEARYWASKVYSLIGDATKVYFSTARRCGKSWLTQKYMEQAYDDLMRQGRTVLTATRAKLSHNLDEIQQPMKRVGQPITLDAFRKSALSIQLTMALSKDVV
GCA_012637085.1_00055	1	{'hypothetical protein': 1}	MLHPNLKSFLLFTVEVGRRRKYGVCAIYALVRCRAIPSCKRRHSEWFKVYCELRGL
GCA_013086035.1_00002	3	{'hypothetical protein': 3}	MFDALAERFDDMDECKDVAEYGCAAGVSGFIYSSELAEFFDKYEDEIEDELDTYGLKYTDLVDTSEFYTMQECKEKAVWCIVEMYCHNRVDAACAVA
GCA_013086035.1_00004	1	{'hypothetical protein': 1}	MIHTDKYYAQPTVFKLTTCLKDKHITLDTHGNVSKMQSITGKIGNTFMRAVSYVSNDAPVYP
GCA_013086035.1_00005	1	{'hypothetical protein': 1}	MRITFVTIIILLGLHIGLTAMDHLKDMQDKRMDQLCQIDSSYCK
GCA_013086035.1_00006	1	{'hypothetical protein': 1}	MKVYTLRYKTAWSGDEMLMVNSNLRAVINRLEIMDLHDNFDEDETVIIECMEVTSEETSLERLNNIRKHYAEKNK
GCA_013086035.1_00007	3	{'hypothetical protein': 3}	MEKSKSLDDNYFIKNAILCWLHYYGDKNHRWDSIYKELATRDVYISMEPDAKPKPRPARRRAAKPKTT
GCA_013086035.1_00008	5	{'hypothetical protein': 5}	MFKDAPAEAFHPHTFEEIMEWKVAGWELPADVACIIRTTNLKNFKTKEYIYKRQHAAEQKILKLMDEQTHEFIVCTHDALHYVGPDDDE
GCA_013112065.1_00004	1	{'hypothetical protein': 1}	MATAHKTETVTIAGKEFKTRYWYMDCAKDLSGTERHRLYYAQFCTPAVLHVVAQNFNKAQWAIMAKAYNEGDLYCRDSEGGNS
GCA_013112085.1_00001	2	{'hypothetical protein': 2}	MFADSRSYPSRTARGMYQQEQQIAKAEEAGLIVTAADLAPLHCYECGATITDMRTASTFDDLNWAHDDCLRKPNE
GCA_013112085.1_00052	68	{'hypothetical protein': 65, 'hypotheticla protein': 1, 'gp0.38': 1, 'endonuclease VII': 1}	MTYLLIAACGWLMFIYKVRRDFKKAHERYNIVKRGDNWVVRDSKGRFVTITDNYWNICKLGA
GCA_013112085.1_00053	2	{'hypothetical protein': 2}	MSRELSLRFNESNKRMDALLSAMNRVNPLSAEYEELSKMAHSELQTMQAINNSSLQQLEMHWTTSGDFSH
GCA_024381135.1_00001	1	{'hypothetical protein': 1}	MKDQRVNVMFGGRVVKGFETRAAAERWIKFSGNPHLTYTIKLYKR
GCA_024381135.1_00002	1	{'hypothetical protein': 1}	VKREFTLTTDDGDTAHFRKKTFPGVIWCAQCHGEEYILTESDLSILMIRWVQTGCLPMEWVAG
GCA_024381135.1_00003	1	{'hypothetical protein': 1}	MKAIRVLIAVTKYLIGFTIGLLLTPVTFIINLIKVIRYA
GCA_024381135.1_00004	1	{'hypothetical protein': 1}	MRKITFVNLQTFYKFCDLADADGIHFRAYEQADGSFQVKMEVSYQTQDDQPY
GCA_024381135.1_00008	1	{'hypothetical protein': 1}	MKRYELLPAGENGLHQIRATMAFGCVEEGELGGYIESEVNLAQTGKAWVSGNARVFGDARVSGKALVSGNARVFGGARVFGNARVSGDALVSGNARVYGDARVSGDARVSGNARVSGDARVFGNARVSGDARVSGNARVFGDAQVCEICTRTPINITGLYYSLTITDSHIKAGCQLHQIKDWLIKTDRELIEMDGKRAVKFYHETLKPLMMALNLK
GCA_024381135.1_00010	1	{'hypothetical protein': 1}	MKLPRVGVNSFGVWAILNIGECRTNNYSNLSLFWAAMVWCGRQNRWQGRQEVKELTE
GCA_024381135.1_00011	1	{'hypothetical protein': 1}	MSITQIIRDAVIGNKELGPALVEIMGNLNVSRSKATELLFGWADRATEERLGVVLRETDKRHLQARAGE
GCA_024381145.1_00001	1	{'hypothetical protein': 1}	MKHNVLSADSLTKFVMIASASRGSCTPAQNMMRTAQAQREVISLGRTIRALEMVTGFYAEEGQEGAYEQSLAIGLDNPNTMDALIRLFCEKYEQDCVLVWNRDTDNVWLHGSDGMTQIGQRGMARTEANLELALERGRILPDAYTIAADGSVWEVR
GCA_024381145.1_00002	1	{'hypothetical protein': 1}	MVKYNIKRLVAQLRLNGNLEVSMYELSDGRWLVGYGHHEVITVTPELAAIEFNSCTTHAMTASAIIEPEDD
GCA_024381145.1_00003	1	{'hypothetical protein': 1}	MAIFTLKANARKQGAIGVFYHVVKTIEANTLEEATAIFRSEYETWYVQEA
GCA_024381145.1_00006	1	{'hypothetical protein': 1}	MIKYKHVEYNTLYAVAPQGSVLCKAIGGTKWLPSKMSFEEFNKAIDLGYMVKVGMV
GCA_024381245.2_00047	3	{'hypothetical protein': 3}	MAMLFILTVYACIFAYITRDFRRGVVHHKATLAYWQWGILPRFTVREHNGRFKRNKVGFWYVATH
GCA_024381265.1_00035	1	{'hypothetical protein': 1}	MINERPLFIKFKPRNNKPRIDIDEYLLKSGEEYFVFEIAPNSDGFIVKNGAGILVRVSVLDAEIVR
GCA_024384215.1_00014	1	{'hypothetical protein': 1}	MNVDFARLELLAAAQMAQIDHKAIVWNAPLCVDKYLDRRLQG
GCA_024499585.1_00001	3	{'hypothetical protein': 3}	MSKEKLKPYEVVFNQVDPENPSSPVMTSKIIYGSNLTAALVKFHNETPLVDIKRVEVFSNKKSGARLKW
GCA_024499585.1_00002	3	{'hypothetical protein': 3}	MVSADQQIYLLAKKKPNKAHANNQGNVLYFYSDSGTWISSSYSYIPPDATHWLMLPDSPAPVKTPEELQDEAFHAWLKEKYEDVVIRTAMYPTLKEIFLLGVKHGSN
GCA_024499585.1_00003	3	{'RNA polymerase': 3}	MEVTKPESTKIQTTLNVEAYKRVKALARVTGKSDSEVVNYITQSWMVDHFVKEYDFWAAKFEIL
GCA_024499585.1_00004	3	{'hypothetical protein': 3}	MTSGQLSLKYCNARTEVDQDNLEREMLTLGCDRVRVLGNRQKKNKMESLSKWGEALSAHGCNEIVLHLRAIRKKIQKGAAGKNFASLTPLTYLPAQQVAACGVRTVIDSLSANPTLHSVATDIADKLWIETMLDRASLLELKNFKRGRSRKAHKMAYIRRMEATDNWQPKERMASGVLLIELIEKYTGLIEIKLDNTVKPARRIVLPTEQCLAWVSKVKEQQELMTPNYLPMYIPPRPWTSTLDGGYRNKDLPLTLMKSNSELIAEKTTGKEQFIQAANIHQSVPWKVNAWMYEQIEYAYDRNMEVGCLLPRDGWPIDPYPKHLEENDPGIQRWRYKTRAIHEKNDKTRGARIAQAKTLWVARRFIEEQEIYFPMSLDFRGRYYYRPPYLNPQGNDVARSLLLFANGTKIDSKEAENWLRIHGANLYGLGKSDWQTRIDWTEEKLRLILDSGSDPWTNAEFWMRADKPWSFLAFCRSFYLYRTEPDYKCNLPVMLDCTCSGIQHYASLLRSKEMGVLVNLENDETPRDIYTEVITKVNQKLRATEDHRARKWLMLQPDRSLAKPCVMTTPYSATNTAFYYFAYDWATKRAKNLFGHGSWTTKKGSMSTMHYMARLLHKEATSLIEPAVEAMKWFKFVGRIAGKNNVALEWIAPSGLPVHQEYSDTRLSRIRMKYLSDIYLDIRTQVDKPGLDTKRMSYALSANVLHSFDSSHMAATTVDAMKYIQNIGGIHDCFTTTPAEMSKLRDSVRITFADMYAHDWLTDIKVKLTSQIPGTKGMPSEPQHGTLDPNITRYSNYFIT
GCA_024499585.1_00005	3	{'hypothetical protein': 3}	MKSETLITKTPVCRFQYTWLVEPDTKYDPLWKVTCLIDPNDALELEKELDGYLENWKKQLKTAFPDKKFKLANKPWSYATVDDGDGSKNYFVVKTKMPTGGINRTTGEQWHMTPPVLFNSENKIMTEEEKQKVNKCGIGTLGQVNLRVMGYDGNFGVGVKIQPQAVKIHKHVEYVKSAQDYGFDDTAQETKVNAFEEEF
GCA_024499755.1_00001	1	{'hypothetical protein': 1}	MTIYEYFDALTNIGLGLSHSEEFEDAINDTLALIQESSLADIESGEEDD
GCA_024499755.1_00002	1	{'hypothetical protein': 1}	MTRSKTATLWELDCILHRATKLTDRNFTIILPSDKEGNLLLDESIDHYCKEIIKTINQIKTKEEPQ
GCA_024499755.1_00003	1	{'hypothetical protein': 1}	MNTSRIEHIWPDGHWQDMEFVSYREGMFDDVSVGYLSAEDNEGDEAHLPNMKSSTMVKCFAKFLEIDNVLRESEHGNKASAETIDYLKKIRNKIDKLLKPESK
GCA_024499755.1_00004	1	{'hypothetical protein': 1}	MKCSKCGSLESTVNNSIKRNGTGTNQKSTTPFVWRSRTCSVCGNKFSTREYTTQGLIDFGKKGYLEMIDDLMTD
GCA_024499755.1_00005	11	{'hypothetical protein': 1, 'putative integrase': 1, 'tyrosine integrase': 1, 'integrase': 6, 'site-specific tyrosine integrase': 1, 'XerC Integrase': 1}	MKKTIPTLSEATRIVYKRQYNGTDSAKNFLTAMNHNIQAIGDIRVDKITTPVVNKMMDYLLLKLKNSKAVVNTKRGYLKTVLDHMIDDGYIDKVRLPKRHRIKKQKVEYLTKDMEIELLNYLIDNEHREAKDIVECLIDLGCRVSELLGLEKRYVDFDNNQINFNERKNDNAVAVPMTYRVRDILTYHCYDLKDFDRVFSLEYDQLNGIWQEARKSLGYADKKFYTLHLCRHTTASRLVQRGVPLLLVKDWLGHEDIKTTMIYAHLAPKALHSVVEVLN
GCA_024499755.1_00006	1	{'hypothetical protein': 1}	MKIDLTERQCMDIEWSILIAIHSVEVQRKKEKKDLDSPLTRKLFKLHDYIQKERTK
GCA_024499755.1_00007	1	{'DNA-directed RNA polymerase': 1}	MKVKVLLIKPDLELVHDYLLNKKLTPIFLPNISWFQKNKAYGLVKKMSKYKGGFPTFKKDYQNFIENTYYIFRKPIDENYIDV
GCF_000849825.2_00001	1	{'hypothetical protein': 1}	MKLTNSTWVLGAKPTKKQARELTWTGRHTKNFKQNMGAARKPEVLALQKGRRAA
GCF_000849825.2_00002	1	{'hypothetical protein': 1}	MNIYLPDVAYAKQELARLHGIRASLARNIVACRTDYVSVKSAETWVKIYQARLKENVLPAIKKCESYIRLHSN
GCF_000849825.2_00003	1	{'hypothetical protein': 1}	MTNEQRANAAIRRYQAEQRKQQLFYFAEMALTRTEALQCLREAALLEAIHNV
GCF_000849825.2_00004	1	{'hypothetical protein': 1}	MPSDVIVGQYIQRYVLTIVPVLVAVFTAGQVTRVYVDRAYRGYLKVAAAKQFVYRAVVDRLTRNL
GCF_000849825.2_00005	1	{'hypothetical protein': 1}	MSYHHIDMDSFLQSCEDAYYNELDWQIMLCDVTDVELAQCYEASLDGNGPVPLYLVTWEMQHRGLTFDELEGLLDHQYA
GCF_000858745.1_00001	1	{'uncharacterized protein': 1}	MKVGKIPVTTTEESSCPTTCPFYGGGCYAKSGFHLRSHWEKVSKGERGTDWDGLTDFIKSLKAGQLWRHNQAGDLPHVDGHINLRHLFDLVQANQASQAKGYTYTHHLLHTHNKEAIKYANNNGFTINCSTESLEAADSAMNQGMPAVTVIPSDHKAIESYKVVHDGKKQELFKVKEKISTPDGRKVVVCPAQTCAPTKCETCKLCSKADRNYVIAFVAHGGGKKKVNTFLNN
GCF_000858745.1_00003	1	{'hypothetical protein': 1}	MGKGESMNQAQFVDELMSFLFGYDYEYLSDEDCSYELALGMIKEKYALKKVNEPELFPVNDSRRASLRETQAQQAAMRQGQL
GCF_000858745.1_00004	1	{'uncharacterized protein': 1}	MKTKTINVADLLTYAERYAISKIISERVGAEYGDLHEFKWQMSVTGHFEIPETL
GCF_000858745.1_00005	1	{'uncharacterized protein': 1}	MTIDVKQTLNYSAAIRKAEPDWDDDQVRRAAEHCVLYMDVRIKPSKLKKVLEQYKETNYL
GCF_000858745.1_00006	1	{'uncharacterized protein': 1}	MKRKPNKGQRYFPNSCEAIRNTPDKYFPSMPYEAFEDWKIYGYQIPESVFCIIRMKDSNGKYTEKFYNTERGAKNCITKCMHENKEIYMATMEGMYHLKPSDLPLDFNNTND
GCF_000858745.1_00007	4	{'uncharacterized protein': 1, 'hypothetical protein': 3}	MTEKTFNIRKAELLRDINKHPHKDELLNIMQQQLADDNVIVVTD
GCF_000858745.1_00008	1	{'hypothetical protein': 1}	MDIKRVTIRMPKDIHLKLKIEAATKDSTLEQIVIDAVDMYLQTNCKDS
GCF_000864645.1_00002	10	{'hypothetical protein': 10}	MIRTYTTDVPWVSIEIAQEDDTKFVTVVSTIHVNRRKTLSHCYSAGWNDWDILKDIDLSPWR
GCF_000864645.1_00005	2	{'hypothetical protein': 2}	MFEKLLYIVLTFAFVSPIIELFQHITNGTPWIN
GCF_000866045.1_00002	31	{'hypothetical protein': 29, 'gp4': 1, '2': 1}	MILNNRELSVLFTLLCYMIRNNELLTDDEMALYHRFLNEGWTDTVNQKRDLMKELSNDSVD
GCF_000867985.1_00001	1	{'HNH endonuclease': 1}	MRYDVAVILRNKYNTDTLGHVYSYKGRKPRTLKQSTLNTGHKVVNLRLDGHSVLHLVHRLVWVMHYGPIPEGYEIEHLDGNPANNAIRNLALVTHSTNIQRYWDNKKAGKHVRCYDKVQSKHNSERATTYTTRPITLAAIKLANMKINVDAT
GCF_000867985.1_00003	2	{'hypothetical protein': 2}	MKHIATQHISKQYPVSFYLCEPVVCFHDEEVYEHGKYYVTCGGEGHYFMIEQEALDAFATLVKHQQDL
GCF_000867985.1_00004	2	{'hypothetical protein': 2}	MYQIYKLRHSDTLYAIKERKIYKWDVIARQWQRCKGKVRDIKKHCDLIN
GCF_000867985.1_00006	1	{'p10-like protein': 1}	MKLKGVTLTKGHLASNGGLRGHSVGDVFPVIISYAGKMDNLLRYVQAPDGASHLVSDDKEAKELAIAWLETRKHTDGQAVGVWELCKVRAHQYHDETQCEVVTSGPFDFWSVYARNEAGEAAPVWDSKGNTAYDLMMGYVVIEFLEKRGVKL
GCF_000869785.1_00005	7	{'5': 1, 'hypothetical protein': 6}	MKTLIGCFLLASLALAFTAKAGYDAYKVEQAQQDWAKKKFNLCSKSNTYEYCNKTLRHLWKE
GCF_000873225.1_00005	1	{'gp6': 1}	MDFNQIRTYRITYRDRDYTTHEMPVMATSAHQAVASLQQLGYDVTKVTHSFPSI
GCF_000873225.1_00006	1	{'gp8': 1}	MRYSTVPAINLEAHVARNRELIAKLPEPRVSALTWNPSTLSYDLDEDNLDLFHEMFTAFN
GCF_000873225.1_00007	1	{'gp9': 1}	MTSPLALAQLIIPMTNKPEPKPESIYRKYWRTAK
GCF_000873225.1_00008	1	{'gp9': 1}	VIKHYHVTYLTSDDRKIMTNCYARDVRSAVDNVAELNTDCFRVIRAVVAPEWS
GCF_000873225.1_00009	1	{'gp11': 1}	MIKATIAAVAFTVCCLGNPADASTKIRAGNDSDNLNNSGVLVDGSNSGRIITNSNNRTRNVQQTFDYSEITNEATEHAPIPQPVGPAAPDSVAVLTIYGQVDQAGPVAGASISIPLN
GCF_000873225.1_00010	1	{'gp11': 1}	MNILTIIRRKALKAQAKYKALRAQFLKANEITG
GCF_000873225.1_00011	1	{'gp13': 1}	MTASQLTSTELCAALPSRALITAVDSLGEELLATGSDCFYFDTLSLAFDTIVAELTARGLWLGEES
GCF_000873225.1_00013	3	{'gp14': 1, 'hypothetical protein': 2}	MFTRLVAVLGAITITAAAPVSALPIPSRTLLQQFEAKGGRVYVNSEQCNNKLAFGWYVNGTIHICEDNHLGDDAELADTVRHEVWHAVQACNRGPIMYDLDAEVGEAVRRGWLPISYPRHQWETEAEARNAAFNYSETEIAGFLNTYCN
GCF_000873225.1_00014	13	{'gp16': 1, 'RNA polymerase': 2, 'putative helix-destabilizing protein': 1, 'Gp2.5-like ssDNA binding protein and ssDNA annealing protein': 3, 'hypothetical protein': 4, 'DNA-directed RNA polymerase': 1, 'T7-like ssDNA binding protein': 1}	MSFDLIARQLQRETEAAELARKRLQDARREANERSYASSNIESRKAIATFLDPIAQRIGERLFTLRRGTGAVDAAEVYKHLKNADHHHLALITMKTALDVLGKDPEPQIQQLTTAIGRNIQLELRLTYYAEENPELYKQASRFFHAGTGTRQKATVIKLKFNREGIEWDQWSRVTCHKVGQWLMLAMADVTGWIERATDRTSGGRKTKTRICYSREFLQHRDTILAAAEQLAFCQWPMLCPPIEWSNDHNGGYLSEQIRRVNPLIRKTGPLGTRKQGDIPLAMLNNLQGQAYKVNPEVLDIANHCYESNVTVGKFIRHAPLPVPPSPGEDCTEDQLTAYKRARREAEDFNAQISQKNWRTTEVMYVARKYADEASFWMPASFDYRGRVYFLNTALNPQGTDFDKALLYFAEEGPVNEWWLSFHVATTYGLDKETMVNRVQWARDNHELIDRIASDPVRHTEWHDADEPWCFLAACLEYKACVIDGTKQTSGLPIGIDATCSGLQHLAAMTRCGRTAALVNVTPTDKPADAYKTVAQASLKHLPKEQHEWITRKVTKRPVMCTPYGVTMSSARGYIRDQLVKDGHKEDLRSPGVLNGIVKAIFNEAIPEVIPGPVQVMAWLKRSAGQIIDRGDSTITWTTPSGFEVVQDLKKSKTYEVKTRIMGGARIKLQVGDGFTDEPDRDHHKSALAPNVVHSNDASLLHLTFAFWDKPFTVIHDCVLGRSCDMDQMGSDIRLHFAEMYKADVMQDWADQVGVELPVDLIKNTLDIDSVNQSLYFFS
GCF_001745895.1_00002	2	{'hypothetical protein': 2}	MELASDAEFMFNRTLVEVHQVFKGERWEVTMGDRYIGDIVELRGLYLTPDCGSFTTWSDALKAMCQKEQRKIDWAMATADLN
GCF_001745895.1_00005	12	{'hypothetical protein': 12}	MFNFIYRVALVTLWFIGTIGDVMNDKLGWFLADVLAFPVGILRGLLEVFGYLN
GCF_001745895.1_00009	3	{'hypothetical protein': 3}	MSINANEIFTEDGKLNWFNNVVQLALQMYVEEDCDSLTLNDEQEMLLRAQGLATANKYRMELRAKAMVVYGD
GCF_002582845.1_00008	8	{'DNA-directed RNA polymerase': 2, 'RNA polymerase': 1, 'putative helix-destabilizing protein': 1, 'Gp2.5-like ssDNA binding protein and ssDNA annealing protein': 3, 'T7-like ssDNA binding protein': 1}	MKKIIKTPEPVVLDGFQAVLQVSQFGKFQLEAILDESIIDILEADRPAALDWAASKQKKRNFTTNDEPWKPVSEGKYKTRFTWGDDAKPVIVDTEGTVIEDDTIPLYNGSKVKLAFYQKPYSLPTGTIGTRLVMEAIQVVTLSGSAGVDVGDAEDIDPAAMFGKTEGFKLGDPNVVSDVSNDAALEDDF
GCF_002582845.1_00014	1	{'hypothetical protein': 1}	MTVSEDLKTKLEQCKDMPEVLATIIEDCWFDWQQDEALEWVDQHIKHIKCVNEA
GCF_002582845.1_00015	1	{'hypothetical protein': 1}	MNYHKWFIKYAGKARTTGRSSTGHVTVRAMSANHAITLAMVEIPNTLSRVQITTVQQLE
GCF_002582845.1_00016	1	{'hypothetical protein': 1}	MAIIFKQRVHNPKIKDLRSFVRKTVTRDRSMYDTDSQFDNETTFINRQRDQLKDQYGYMWEDEDEPLVKGEFGNLKITDTEITFRPKRYAPTEIYVAARWYCMCTETKFTNRARFA
GCF_002582845.1_00017	1	{'hypothetical protein': 1}	MDSTLQHARLVSDGTRLAVYQLKDVYGRSLAYPVNDQAETIQGLTGFKTLRRQDIAKIEELGFNVVTIHGERIQPSMIN
GCF_002582845.1_00018	1	{'hypothetical protein': 1}	MTTTNEKQTVKFTVYADEMNDIVKLFNRALNSDNVTKHFSNEELGTIISFIDDFKALALNHAK
GCF_002582845.1_00019	1	{'hypothetical protein': 1}	MTTTNTQQTNWFLTAGTLRAAFTQDKRQDGSTFWCLTEQARQSVDDLTEWLHSLHDDELPNDWRYETIVDICNALVDEDDLSNADPGELSVGIANNLTDIYNHSLFQWYADIPSRVAYIEEGVLSGIVSSEANTIDRLMCGQCIAIEQMAYKIVERLGQGK
GCF_002582845.1_00020	1	{'hypothetical protein': 1}	MNTATYTLPTHWASALINGDWSGLDEQDEEALTRVMHGEALPDCLDVRDDSTFRKYHDAQPYGVLACDCSTFLFPGN
GCF_002582845.1_00021	1	{'hypothetical protein': 1}	MTKRYSLSFTRDQLLALADALEGYHTHTLTPDELAAHDNVTRRVFDAVARSTGDINQLVFS
GCF_002604545.1_00024	1	{'hypothetical protein': 1}	MYALFTNNQGWSLVSTRVFKEDAIKDRYKLGSPRGCCKILPVASTVDAMIKLDKLNNKRG
GCF_002604545.1_00025	1	{'hypothetical protein': 1}	MQVTESKASNHFERGFIVTVKTQLDSVGIDWDNRDASTLQEITSLWYDASETLTYHIQAINCLPTPLSIRG
GCF_002604545.1_00027	1	{'hypothetical protein': 1}	MIYVSHNYVVQWVIPSQHQNAEYVDLFTSVFKHIRGVIFDSHAYSFILTTDSLEDVNAFIHLTEG
GCF_002604545.1_00029	3	{'hypothetical protein': 3}	MPTIQPRDTFRALLQVRNEDLYYKWFNNTYIVPYGETKQEYTNSEKDELAMCARIARRYTNFQGE
GCF_002604705.1_00001	3	{'hypothetical protein': 3}	MKQFYVQTGKAGEAMSTVAVESKHAPMRHHKLGLMWSASGYGKRIPSEWLVKFNGKWRRVYVICYSNSGTAYIGRHGTDSFMIVSEYDV
GCA_006516735.1_00010	1	{'integrase': 1}	MAYRQRNKGFQLDITHKGKRYRTQILGDATDAKAAEAHCEKGLNEGKSWLLICKELDLARKDLSIHAIFTQMQHKWKDSHGLRTARNLVEQIGIHKKITTIDEELIDNLIEDWKSNGNADSTCNRKLAALSKILSHAKKRNYIKSKPEIEWFIEGQGRIRYFKLEEENRFLAALYSERYNDVADLTAFGNDCGGRKSELKRIDQERDIDGRILTIMTTKAKAPFPRYIELTDRALKILKRRGRYPFANISDEHLRKAWNFGKIKLGLQDDKQFTFHCTRHTFASRLVQAGIGITVIQELMGHKTIKMTLRYAHLAPRNKTEARKALENSSDRYGDKVAKVIGF
GCA_006516795.1_00001	3	{'hypothetical protein': 3}	MQISNMTSPSGNKVANQFELNDYDKGERWFQSYRTMIVKNDSEGQIWLDEKHWDYSTTTGKYRNMFLGENKAETLKKIKSGEYKLTNLNGDRHYA
GCA_006516795.1_00003	1	{'hypothetical protein': 1}	MDYQKEYNDWLDELHPLEGIACNCFSTLLEAGDPIAYNCGYDDFLDANGYEEE
GCA_006516795.1_00004	1	{'hypothetical protein': 1}	MIDFIIYGIVDNGVMILGAMTGYELERYLPKRLQKGLGAVVGAGLGNACSDFLGGASTASWDLAFGTASGCLIGLVFIPLLVYIGKLRRAHKTK
GCA_006516795.1_00005	1	{'hypothetical protein': 1}	MIDTIKIIGTVIGAGVFVFMAWAMIWVACAMSDQCWYNYTGQL
GCA_006516795.1_00006	1	{'hypothetical protein': 1}	MSSQDHQRRYDLWQEPMTRRRFLSDSELTFDKTTAQKLNGFWSFGTCDYKAAGVSESDFNKYREIRKRFLDWEQGVMAYLYKQEDKWKELCKKYKLSDLPYDYKPEVKRDDRKQLQQIILQAVKDNTLKKKPLLAFLRTNNPDLNPSAINRQLNKLLKCRALDIDTKFKTKRYVIMGAYFSSHYIK
GCA_006516795.1_00007	1	{'hypothetical protein': 1}	MTHAQILKFYQKMNLDNKESMLNMILGNDVFYYLASDKRKVGFDLRQGEEAYASINGTQIQVNLELDDFELCSVHTPKVSKQIGDDWSKVKLNSFKI
GCA_006516795.1_00008	1	{'hypothetical protein': 1}	MDLTDDLAWDAFTKLIRFRYSYWSRATTKTTSLGGGNQNGFVTDLPNAPNNT
GCA_006516795.1_00009	2	{'hypothetical protein': 2}	MNFILFKVTTERYSKWVNLRITKTKYEFIIDFGFWRVYVH
GCA_008215485.1_00004	1	{'hypothetical protein': 1}	MNIGYWVCLTPVIFLIAFGLLDAIKRGSF
GCA_008215585.1_00001	22	{'hypothetical protein': 22}	MKHLSTITNHNEVFVNTKGYAWIQLKETTGARHRVVVRKVSSKPFSNYSVDTVRIDNETYLIDSQITVSPTASASAPYFAN
GCA_008215585.1_00005	25	{'hypothetical protein': 25}	MYQITYSSEQAFYDGCYEMMRRGACYVANHQSLTITLTGGY
GCA_008215665.1_00001	8	{'hypothetical protein': 7, 'alpha%2Calpha-trehalase': 1}	MLVKDYILLHHEADDSSINIISNYLLTMGPDYGLIASVNTTRQQPDSEDAGSSRLSRQPDKSYEQQADDRK
GCA_008221325.1_00011	3	{'hypothetical protein': 3}	MKHIGLFFLALLGIGYSWKQVVAYRLAVVIPSVIVWMVMQ
GCA_008221485.1_00002	19	{'hypothetical protein': 18, 'overcome classical restriction': 1}	MVTYGITQRDLKMVRTGIVLGYTHNQAMAVLKNLYESRKRKHAAS
GCA_008690445.1_00051	1	{'hypothetical protein': 1}	MYQIIENGKVIHESPNKGTACQWAFVLKYTQGRKVRVQLSPKN
GCA_008951985.1_00004	27	{'hypothetical protein': 27}	MRVAFMIITLLTGVMNMLTIGLLTALGLAVGASFGKSLGVAVGAYLVACIVTGALRKC
GCA_009176145.1_00001	1	{'hypothetical protein': 1}	MNTMQLAWDNAKVAYQWHGKGKPSEYIGGALSLAHSGVSLRRELYKRLAVASLAVFSVSFALGSLLAVSL
GCA_029535525.1_00001	1	{'hypothetical protein': 1}	MANNYIHKEINLKTLKDNGYEVTTEGKVISHKGRAPRVLKSPVGSHGYHVVNLRLDGKSSMFCVHRLVAYSYLTIDEDRPLVNHKDGDKTNNTLNNLEFVTHSENISHYYQNKC
GCA_029535565.1_00002	75	{'hypothetical protein': 70, 'receptor binding protein kinase': 1, 'restriction-modification evasion protein': 1, 'gp0.4': 1, 'gp0.6A': 1, 'ocr-like anti-restriction': 1}	MATTYDITQRIIKTHRDALLKVALTGNIEATRERFTYHMSHLAQTYRTRKVMYGNPVRN
GCA_029535575.1_00004	1	{'hypothetical protein': 1}	MLQLTRNEARYVYATLKYLREHDATTTEEEELFQKVKKYLEEPKQVTN
GCA_902989295.1_00007	6	{'MarR Transcriptional regulators': 1, 'transcriptional regulator': 2, 'MarR family transcriptional regulator': 3}	MKTTHGLVQLLEAFRSIDPEIQANAIQLLLFIAAAGEDGAMMKDLEKQTGQPQATLSRNVAMFTDMTRWHKPGPGYVERFENPMNRREKIVRLTPKGRRFMQSTLNHVS
GCA_902989295.1_00008	1	{'hypothetical protein': 1}	MPDDRFRLSRRVYRKGRLLAIVYEDRLTGREVSFPA
GCA_902989295.1_00009	1	{'hypothetical protein': 1}	MLTLKTTDTQLRHLQHSVNEAREGSEGIRVSKAALAALLLDHHAMNGALARRKEQPNTPEEN
GCA_902989295.1_00010	1	{'hypothetical protein': 1}	VSRLCEWDYLIPATKDEHIAVCKSVVREKGKVLTLGATLSASEGTDWGTGPIMSTTWEIDDYPLVRIEQTNDGPRLRYDASDVWRYWINRDHAWRAK
GCA_902989295.1_00011	1	{'hypothetical protein': 1}	MRVFVYWNLHRKLWSVRAAEGPNKGRVIAHRECVYLLHADVEAPL
GCA_902989295.1_00012	1	{'hypothetical protein': 1}	MNSSEVWKRRRARWAAFKAGQSQAQTPRTHVSEFGHRWRVEVPRDAIKHALGRIHCETPDADVIDKVILGISTSDQRESYTRTIARQTIRYALHVHHRNRALYRRITSGGI
GCA_902989295.1_00013	1	{'hypothetical protein': 1}	MTTHTQAIANALRHMAVAKEREAQMAIRDPIYVPVTVVRDLMGVISAMAGAGLDEEALRPIRVALSAGA
GCA_902989295.1_00014	1	{'hypothetical protein': 1}	MPQLIGDLCAMSRTEKAMRPDMRWCLQLNNLQDGRRSYASHVYVKTKREARAYCERMGATPWNF
GCA_902989295.1_00015	1	{'hypothetical protein': 1}	MLQVHSWRGGRLHTRHTPHARGSRGVSAWEVLAGATREAMTLATQETIAATRAAREAQARLPVHLGSPEDY
GCA_902989295.1_00016	1	{'hypothetical protein': 1}	MKLGYYIATTALCFGGAAWSAIAGEPVLAGLCAAAGALRCGLCVLVARGVA
GCA_903231675.1_00040	1	{'hypothetical protein': 1}	MNLFSVIETPELYVNRARAEKLAGTVREWGYRGRVWVKQDRNEPTDYGFCVAVYSNNGFEGYAHAL
GCA_903231675.1_00041	1	{'hypothetical protein': 1}	MLSKAEIKRRADYLAALIHKHKGWVEDGWIRFPSVYRMERFHVELNADKEAERAYLTRNIEQHIEQE
GCA_903231675.1_00042	1	{'hypothetical protein': 1}	MKANINTAYVIREITHTYPKPFKAQKIWWLFIGDKRVHSFKSMADAKRGARVLARRWPAAIAVN
GCA_903231675.1_00043	1	{'hypothetical protein': 1}	MLTELYDTYGCLKVFVYFNLHRKCWSIKALEGAHKGRVIEHADEVSLDGPVFKVSEAGRQRVLREGRKNVHAGVVGWLRPDIDYIDGWWEQAYYNPRKVETFVRRDTGGPIKQAKWAVLNDERQVWFKDMVA
GCA_903231675.1_00044	1	{'hypothetical protein': 1}	MARVHIYQEFFTYGQAREFMLRTLSIYDPLAYDTSLHMSKIDSMYVVQGYRYATAD
GCA_903231675.1_00045	1	{'hypothetical protein': 1}	MLKRDKVDLDLTSEDMNTLWGSVHATRDTSTTVKVDKATLTRLLMDHSKLLNVVLKH
GCA_903231675.1_00046	1	{'MarR Transcriptional regulators': 1}	MDYRLLTVANFLQTHDRDVLELQDDPASYINEVEAELEVCYPMGFAFDRNGNKVWPVSLLREHHAIDGEPQWPEPNTP
GCA_903231675.1_00047	1	{'MarR Transcriptional regulators': 1}	MAGAKHSLMKTILPIELIRRLDPSDSLSASTVLMLLYIMQYPDSTIKKLEQVTEMTRSSASRHILVLTERGDKARARVGLGLVSTYEDAEDARVKRVKLTSKGERLLADITKIMET
GCA_903231675.1_00048	1	{'XerC Integrase': 1}	MKLNTIVHELMRTDWRDLKDQRSAVYSADVVLDFFGEGADIRTITYKKVLTFIEHLEERGNAGGTINRRLAALSKMYTVAMKHDPKINRPIIPRQKEGKPRQRILTADEAEALINWPWKKTEHRDLTVVLIDTGCRPSEITDGVWSLDGDVITFTDTKNGDDRFVLLTPDAQAAAERLVGVTLDYPAYYHQFKKARKGLGLTDVVVYTIRHTALTNLADRVDNVLLIQKWAGHRNLATTQRYVKQTRKGMEKLAAALRRN
GCF_000843145.1_00001	1	{'hypothetical protein': 1}	MLKETQIKHENGKYWVLEVKKGMYQVMISGLTHSTCDSAYNDLSLAIYRCDYLAKRA
GCF_000880255.1_00004	1	{'gp0.7': 1}	MTTGIIMATFAVIVAMGWRNADRMAIANGRALNIDKQLDAMLMG
GCF_000881355.2_00002	4	{'hypothetical protein': 4}	MKLNRLRKNMRYTIAYNGSFKRFKKNLRASPDKGLSRIPARKLKAEWEWAVFEMTCRQQREDARLITFGLLYGIDYAGEVH
GCF_000881355.2_00006	1	{'hypothetical protein': 1}	MTLTADELIFIKELLHHEIYYESYGESFSNQLQNVYNKIIVMLDDCPKEENK
GCF_000887015.1_00002	1	{'hypothetical protein': 1}	MSPYEISWASSHDWFEDSFEVDDYLCVLTTCGIIFTNFDNMKEWAEENLKKSDKTLDEDF
GCF_000890795.1_00002	1	{'hypothetical protein': 1}	MKCTTLFFNYSKNGACDMTTPDLLNGRTWMIDSPTIVTIAIAVYILYRWGKRYEWSKLYHWCKQYKVEYKRCRREGSKLKTFGDNLGKLLGVIVGSYLAFSSDAVMTAELFAAYFFIPVAVGCAIDCSWTHRKGTKGNT
GCF_000890795.1_00003	1	{'serine-threonine kinase': 1}	VNITDAMGTIKEVEEVACQKVIDRVKHEKVTTSWDKCQEQRNRCIARDILGRANHTLRWVEMSSNDLKALETRVAEYWRKADRVAIANGLPLNIDKQLDTMLMG
GCF_000891635.1_00003	2	{'hypothetical protein': 2}	MGALQVKVAFFHCEYCLSFMRAHNGYVPLRTEECRCIYLKPQF
GCF_000891635.1_00006	5	{'hypothetical protein': 5}	MPKPNRYQGNGKVYPNGTRFGRYVMRNGHWVDFESPLGKVQPQDFRDTVSLAMWSLVVVCVVVIAALGVAIFGS
GCF_000892275.1_00001	1	{'hypothetical protein': 1}	MSASILMMTLSCYLMLDLLELDLMSILISYAILMSTAILMFTFSQCLQSIDTYRYHSLSPASKSIQLIRLTIEKVSITNPFLIGIT
GCF_000892395.1_00047	1	{'hypothetical protein': 1}	MARLDMHVTGLEYDLSLEENAQGQQGFTVTYGAQVNHYERFDEAFMDFNESLSHALALQGL
GCF_000892395.1_00048	25	{'hypothetical protein': 25}	MNTSQNRFILAHAASLLVTAYKECIAEYQTVLPLNLSIGHDAPDSYAALRSQAAQGQLKVSTAHNASSIYGASGNLTFRIFHDYGHLLYDAEFTTEQEVSLALTQWRDLIRYIPQEWQGICYVVYRADTVAQSEYEAIHKDFPVDQKAFVLDILNKHFEAEPR
GCF_000892395.1_00049	1	{'hypothetical protein': 1}	MSMNTNETLDAVLITREERKALAALLYSGLTGNAVDKLGLRALQEKLSSAFKGYWDTFNPLDKHPTMADHGIAEWVSPDSTQKTRNSIQ
GCF_000896715.1_00004	1	{'hypothetical protein': 1}	MYNNHHHHLDMAEIESLADHEYSMFLAYGDTLTDQETMPVGEGSDLMWEDEITRLLEEASREELLLGQCVRDGFYNQRTPFSYLIH
GCF_000896715.1_00005	1	{'hypothetical protein': 1}	MHLETVTTQSINSMDLADMLESEGYVVDEDTGEVYTEPNGKRALLLILAALNKLYVAHDAEFKLSYYIPHWKCYDLDGYCDLHPNEQACKCYDV
GCF_000896715.1_00006	1	{'hypothetical protein': 1}	MARRDSYDNRIDEVMMWDASNERTPFTIKDGLAASISWDLPPAYCAIVRSRWPDGRIKERSYRSAKAAHKYMVKCLENNAEFTLLTDDALRDSDNPKH
GCF_000896715.1_00007	1	{'hypothetical protein': 1}	MTHELPTYRVVMHVTADSHPSHWLPDTVREHGLEDELESCSLIECFEIPDLPSRY
GCF_000896715.1_00008	1	{'hypothetical protein': 1}	MTLSFESTHEYYMKDPTMYYCAEHNGLCISEDYEDTVRFTGVTEKAIIKFVSGLFQHNAELAASLKKEIGLQDVKATSTTSKQRKTKSPIATA
GCF_000896715.1_00009	1	{'hypothetical protein': 1}	MTVYESEFNSFNKRNPSVYTKLLELSLRLKRVGASKYGMKALFEILRFNALLQSDKKFELNNSYAPYYARLLMKNEPLLDGFFRIRTLTSATK
GCF_000896715.1_00010	1	{'gp9': 1}	MQFSELSPQAANIVAKFTLATTAEVVAGQRWYTESYAIASRIAKLHDLSPIRVAAVIAALSPNNRWERNIEDAENVITAFMHGNDQDVLEVKCCTYTANKLKALAILKSESLDYEDILKGPKVIEFFHCISDHSSDDVCIDGHAYSIWYGSRLTMKEVPNIGKKLRERIKQDYKEATDFINAELGIDYLVSQIQAITWVCHRRIYGI
GCF_000896715.1_00011	1	{'hypothetical protein': 1}	MTTSRKRKSRKPVTQTELLPAPVKKEVSLPEIKPQYKTARVKPNPDLISINQYWQDIKNRSDIHNYEFAEAMDELRNAVKWTNEKLDKLCDRVKEVAP
GCF_000896715.1_00012	1	{'DNA methyltransferase': 1}	MKETTQRGYIKVLPEVQFLGGVLPDTESGLIQT
GCF_000896715.1_00013	2	{'DNA methyltransferase': 1, 'uncharacterized protein': 1}	MKVLVACEYSGTVRDAFLSLGIEAMSCDLLPTDKEGPHYQGNVLDILDQGWSHMIAHPPCTHLAVSGARWFKDKQQEQKDALEFVQQLMDAPIPHIAIENPISVISTKIRKPDQIIQPWMFGHGETKATCLWLKNLPKLEPTDIVDGREQRIHNLPPSKDRWKIRSTTYTGIAKAMAGQWGLKCLDPSPVKA
GCF_000896715.1_00014	1	{'hypothetical protein': 1}	VTVTCSPAGLHDTLKYQSFTIKQMDSIKTLFDWSSNFEVSKNPYCLFLDLIGYSDAQYGMRCYTGDNLHEHLGYKEMCMLGDALKAFETNGYEAVYDYCNELEV
GCF_000900475.1_00005	2	{'hypothetical protein': 2}	METLIVTTTINGVSISITKYSSEEYEVNHGIAAMVYDNLADAVEHWIQSCKAAIK
GCF_000900955.1_00001	2	{'hypothetical protein': 2}	MKTITILFSRAYEEYKVIFEDGTYYTSDKDDAVATATQETGGCTIKHKKASETQENDW
GCF_000900955.1_00002	2	{'hypothetical protein': 2}	MTMLPIDLNKFNYTEQEMNELKQHINALTHVVQMLNTLNTDDNNDTLIVYLGMSVGDFNQRLYDLQTMMLGRVRGYSNM
GCF_000900955.1_00003	2	{'hypothetical protein': 2}	MIYKHLNGRNLQSFYHITIEQNEDGKHVTFHSRIHVNRENTCPITWCKEYTDFEILNDRDLITWVSRSYGEVTA
GCA_009372295.1_00002	1	{'hypothetical protein': 1}	MSHIAGPLAILTTAVGITIGIGCAYLQDRQRLGFTRKFKRYAAALICMALPYYYVLWYTGALHRIIKGISKWF
GCA_009651575.1_00001	1	{'hypothetical protein': 1}	MTEEVSRIINSHQAEVFYVSVRTVNSNCQNLDHDNEDTITEANWHRRVTECGWYVRGGPQRGLPVGPFNSEADAIAGCPWILSGPFKWTNYDRTRRLFDRVREQLGWSDDPQATLHACRHTFISNLVQEGVPIAMVQRLAGHKTIQMTMRYTHLAPKDLESAIEKLQARRT
GCA_009654915.1_00001	1	{'putative integrase': 1}	MTKLSNSTPRFIDAPHLGDRAKYLWTLLCRIPVEDAIFVLEGYTNDVNEDRILDGDRPYAPQELLEYGFDMMSDNHGDMTAAEAATDLEEKIADARAIEIRNHAISYIDQLHFLLSDRLEGIDPDEELDDWREMAEIVAKSKQALDAFAGISPKDAS
GCA_009654915.1_00003	1	{'hypothetical protein': 1}	MSTPSDISPLRFVANRQQEAQEATENSYMASLSSPKWKDLSEAAIDTLSDAASGLPRVKGSCRATEQLFRDVGLHGPTAGYLSHRAYRDARSQGLAAEVSMPLEAIRPDGGYRLRSISRQAPYGANGKCKAMCHREAEYQLGNGLALCGLCTQKYLERLASNVNLPGEDCQWERAHREAYNLFDGNHDWLPDVNRAGASCEHKDCSRKRRLAAEAQEADSASA
GCA_009654915.1_00004	1	{'hypothetical protein': 1}	VLPRNFYQACQQHDWNWAESSDDLKQSRGYSNEQKLRAIAEESPACREIYLRVKAEKQEVTRG
GCA_009654915.1_00005	1	{'hypothetical protein': 1}	VVDLLIDGAVYFGLTLWAMLKCLAVGLLFFSPAVIWCQYLYRRDQKDQQLADALERRIANYRRSR
GCA_009654915.1_00006	1	{'putative RNA polymerase': 1}	VDQREYEECEVCGRRSWDHAIDRELKAIAWRNGFKYYCHSHAPKPSSASSEKAKEDSHGEA
GCA_009659195.1_00014	1	{'hypothetical protein': 1}	MYNKNSQPLDESGSLRQYAVRLSSGTQYILAANDEDAAWCALELSNKLGLRLYDVQLMSGKKGYFPNKWKKLKDIPASEFESISYEDIMEWKVAGWELNHDVACVIRATDIESHKVKEFVYKRTSAAENRIRELLKAKTHELVICSDEAVYYVHPEMLDEDEDDDE
GCA_009667685.1_00041	1	{'hypothetical protein': 1}	MKLYRHPLGGLFAITSLNTVLTYNKIGKCWKKSAWNGDLDKLLPELKLVGNNFRRIVR
GCA_009667685.1_00043	1	{'hypothetical protein': 1}	MSNVERTIYFSNPSKASNLFTDEELREFNKRSRQMEKELSKAAEAGLFLTAADLDE
GCA_009667685.1_00044	3	{'hypothetical protein': 3}	MSFLSIIAAAESKLAIANFLGDKKMRGEAIAAIHKAKLELRNYVKR
GCA_009667685.1_00047	1	{'hypothetical protein': 1}	MSDWSDNQILGAAAGWLLAVAPLAAFMLFMKVVYILSNLM
GCA_009667685.1_00048	1	{'hypothetical protein': 1}	MVTILLLMTLCRTDGSCEDYAVDSFKSLQECEQQIDNLDMRCEVYYVI
GCA_009667685.1_00049	17	{'hypothetical protein': 17}	MKLIGKGAFTKAYLLDSGRVQLHTCCPIKESMAWGWFPDSDLFPKLTYVDVGVYEMDYLTRVTAPKRQLNKESYKLYKALQLVYGDYDAVDYFSIYKSFEKHLEGFNELEVMLEALDACSNWGTDIGFEISPRNISVDKDGNLILADCFFHRPTLTEVRSKK
GCA_009667685.1_00051	1	{'hypothetical protein': 1}	MYQGYIADFALLEQKIYSNMLKENKRAKRLPARKRKFMYGNAKQPFTFIHDCIQIHGKARTKHIPFY
GCA_009667685.1_00052	1	{'hypothetical protein': 1}	MSKSIKVLAYTSVTGQYEVRLLEKSDSYRVEYGAEASEFMSLKQALNNYNQCVLHAETCAGFHN
GCA_009667685.1_00053	1	{'hypothetical protein': 1}	MSVTRDLRRVCNYCTWYNSISKAVGIVVYHKKLTRGQRKQWLRLPARKRKQLVIKHRKVW
GCA_009667685.1_00054	1	{'hypothetical protein': 1}	MYLQQHWINHVKHMYSGAHRDNVSSLLEAFNKLYKAGYTFTYTRSYEDNCFYILVELNGEVTKHRVNVLKPDEDAVGLTLALNCLHASMRN
GCA_009672325.1_00010	21	{'hypothetical protein': 20, 'serine-threonine kinase': 1}	MLQRIDNRVYQDKHGFVIVHIVKDDCYVYADTCESLPYYPSANTRKTWERIGTNLKFTD
GCA_009797585.2_00004	3	{'hypothetical protein': 3}	MYGNFDPSTNAWPFSVEFVDAVGWQVEDNRDPTNVVVMVAGLTFEEAKQRASELNLNHFRGS
GCA_009797585.2_00005	3	{'hypothetical protein': 3}	MPTLKEASVNAQRPRGGVQAWSVGDTYPVTVVGLGNGPRVQWYAENLHTGERGPVRDAQGDAVVDQYRLWAEFNRNRLQA
GCA_009797585.2_00006	4	{'hypothetical protein': 4}	MQTKEQRIELIAAMFGEQETGLIGKQLRVLDNSQSGAFYNVGDVGTVVLVDDDGEIWVDFGPDGFKGDGTAYPVWAAGSLGADDHEFLEN
GCA_009797585.2_00007	3	{'hypothetical protein': 3}	MSFWKTDMGVIWHELIYALGALVVVGVLILILTEGD
GCA_009797585.2_00008	3	{'hypothetical protein': 3}	MRTFAIDFMLNGKRVGRDYVTASNEKQATIIAERTAPVTLYDEVVVAPL
GCA_009797585.2_00009	3	{'hypothetical protein': 3}	MSDKAKQSIEFVRNGLGEENFNKLLSITGVRDIELAAAFLATTKEERDSVKTGDDLMRLLGRKHAENRVAMALVRAGVPVEDAVSFVRETAASL
GCA_009797585.2_00013	3	{'hypothetical protein': 3}	MKITLTLEDTADGVAVNWTEEQSEAQNKPSESLATIIAAKFILEINQSHRMGILRLSGTALGADRA
GCA_009797585.2_00015	447	{'DNA-directed RNA polymerase': 93, 'RNA polymerase': 165, 'T7 RNA polymerase': 91, 'putative RNA polymerase': 12, 'hypothetical protein': 23, 'T3/T7-like RNA polymerase': 8, 'N4-like RNA polymerase': 45, 'DNA-dependent RNA polymerase': 5, 'putative DNA-directed RNA polymerase': 2, 'putative DNA-dependent RNA polymerase protein': 1, 'RPO41 Mitochondrial DNA-directed RNA polymerase': 2}	MTTQQVDNENEDLVTIQLRLEEEMTQRGADRYIRGVSKAIEKGREDDTAYGKQILAGRLAKLAQAIAEWKAEVASGKPGRKHSAWKLIKDKDDNTLAFLALKHVLSGVSAVRTVQYVAVAIGTAVEDEMRFAKVREAERKKFEQLVTGAAKRTSQHYKHVYATRVAEDVTEWDKWSRTDRLHVGVKLLDLLMQSIGLVEVSTNLDNSEQGLKYVKALPETLEWIERKNEVTALLRPVYEPMVVQPRDWTNPFDGGYLSSNIKPLKLVKTKNKAYLEELRGADMPIVYEAVNAIQRTAWQINSQVLTVMRHLWDSGSELGGLPPREGLPMPPKPYDIDTNDDSKKAYRIAAAKVHMENLSILGQRIGFDMALGIAGRYEKYRRIYFPYQLDFRGRIYAVPHLNPQGSDYQKALLRFANGKPLGSEGWKWLAIHGANLAGYDKVSLEDRVEWVLENEDEILRIASDPYDHRGWASEVGGVKIDKPWQFLAFCFEWAGFVEHGESFVSKLPVAMDGSCSGIQHFSAMLRDERGGAAVNLVPQDLPADVYRAVAERVIEQAESDLAHGSEDELKHNGQGIAYLSEGSKTIAQQWIKFGITRKVTKRSVMTLAYGSKEYGFKEQLMEDILWPAKRAAMRPDGSIDTEKFPFSGDGYRAALWMAKAIWNAVNAVLVKAGEAMRWLQEVAALAAKEELPVRWTTPVGFPVMQAYPALEARRVKTAINGMVLKLLMNQEKDSLDKRKQGQGISPNFVHSCDAAHLMLTVVRAKQEGIQNFAMIHDSFGTTAGDVEEMYRVVRESFVEMYSEVRVLEDFRDEIAEQLSEKAQAKMPPLPERGLLELSRVCESRYCFA
GCA_009797615.2_00001	2	{'hypothetical protein': 2}	MQLQYFRDLAIGTAFTIAGTPYVKKSARTAYTAPGHPGHWEGRWFWFGQTELVMA
GCA_009797615.2_00002	2	{'hypothetical protein': 2}	MSKVRALAYFFAATTLALAYVGARAAHAAISSLLVMHLH
GCA_009797615.2_00003	2	{'hypothetical protein': 2}	MQSFTLNIGLIPSKKSSRTARITASEVKAALRGAGFFVSGFRMAQSATEPTAVVRVIARQPMSYHQALYNVSLALVQDCIAVVPDTVRGALIGPDAAEWGEFNPAYFIPFDVEPQAIAA
GCA_020491635.2_00004	1	{'hypothetical protein': 1}	MNSHVIYLKNQTVTCYEHTDETIVELVKRYYEGKYGLHCKVVDASGRIVYESEGI
GCA_020491635.2_00006	1	{'hypothetical protein': 1}	MYKISKTCKARQQRERSKELEERLSNIAEHKPPAETKRSIKDIRSDKILDTAIDVNGKVTTRRKRIDDKLMSGFRVKMVDGKRRFTDGKSYFDESDLTKTEMDYAEKCTLENNIPDVDSMIGKKYEAFGTTFTIVGQNKNGYDAKGEDGTTDEIGPVYAEKHVTEYEKKSNGATSVKPTAEESCY
GCA_020492125.1_00002	4	{'hypothetical protein': 4}	MAHKHVNHAPIINNETGRRAAVRRCTETGEWVVYFYRANGDDGSGAYRWQYLGEPANYYTDDKEDAFGTAEAYIK
GCA_020496975.1_00001	1	{'hypothetical protein': 1}	MDIEELKGVMVDINTVMKIVISRHGICWAAWYDDEYHPKPDALGQYDLHEVYVWLGY
GCA_020496975.1_00004	7	{'hypothetical protein': 6, 'gp3': 1}	MKLTNSYLQRRYEEYFESLQPGEESMTIREFAEALGFTVDDE
GCA_020496975.1_00008	3	{'hypothetical protein': 3}	VKSQLFVAPYGLTVIKPGVAYVNRPSTHSRREQHERNNLLVRRMVAEGNAADLRCLDPKSEDGKLLAEAWKAYDQRNTIRHTSRGDFCHLHTGSHEVK
GCA_020496975.1_00009	1	{'hypothetical protein': 1}	MGRLTERLEWTLAELCQMHEDRESAAKAFAAFYFTGESCKNGHFMSPRLVHSGVCVKCKRDAQAKYRKSDKGKSTARHVARRIYQDNPEYWRTAARVRYYQNQLDKNLNELSELSIDSGS
GCA_020523135.1_00007	5	{'hypothetical protein': 5}	MKLSPSAKGLIAELKDSLRNPIIWALIYIPYGIYLFHLITE
GCA_020523215.1_00025	10	{'hypothetical protein': 10}	MINITGEHDMFEKVVNWSIGPIIILIIMNNLGYFS
GCA_020528835.1_00002	1	{'hypothetical protein': 1}	MNYLKAIFMNYETVEKAAVINGVSRYWTEVEPTGINWMSVAGVIFLAYFIYSLCKHESL
GCA_020868875.1_00012	9	{'hypothetical protein': 9}	MNTITGAITKGFRAIFGETQEVCTNHKFVLSCVAGDEFDGFDKLVVCDHCGQEAIQHSNGKFELIDDSLTEGDGE
GCA_023547295.1_00009	22	{'hypothetical protein': 22}	MWSRKRKKETETIHVLGLSSMLKPEEPAHKAEPRMIDRFTVACAVDAMRVMDRGVASVEFRCSVPKENSYGLLQVVKTEFQRGDGPCGRHVIALHVDITADLLKITQVSVAEDVSESVRKFREGVERHQRDVKSIQRHGYGCVMAMNPTQRDFEHQLVALEQLAKEISEKAGKREIKEFTYKMSDVHGRIVTTR
GCA_023571625.1_00002	2	{'hypothetical protein': 2}	MSKIYAIYYVVPNSWGDDHILQEPCYYNEDEAKQALAEAQAEAKDPWSGVYKAYMEVIQVV
GCA_023571655.1_00009	1	{'hypothetical protein': 1}	MTIIASIKEVTLLKTGETSYYFTDDKGIQRSLSKEGWIEACDGFEYTKHELKRNRVMQVNIWYA
GCA_023571655.1_00010	1	{'hypothetical protein': 1}	MKVYGFINHSGSFVEVGKTERGAKIAAKRRGYQLTEVGYRSHINNMFICTSELLDGKWINK
GCA_023571655.1_00011	1	{'hypothetical protein': 1}	MSELKQMCIAMVVLISCITVACLILMYADRYM
GCA_023571655.1_00012	4	{'hypothetical protein': 4}	MNMINESACVALRKLLEDGNRDLEVSILGRRWMDTYGNTYHTVYVDVLFPEMSSYTSLIATGAPNYGYGDMWEQTAFNMWFEATAYGTDVDHELSAKLAQSNFNTCYLSRLLKALNIKVDYIVVDVKRKKDL
GCA_023571655.1_00013	1	{'hypothetical protein': 1}	MNNLDSVKQAFYKLALAEINLRAESQKMGAPYKTSEWLKFAKLVCLDSYSVLRACEVVSLSRKQIYVAGFLFVRALPEPDKRPKRIKGKYYSSETKLAVIKLRSEGATYEDITRLTGIPYNTASKWVMMNKAGLL
GCA_023571655.1_00015	2	{'hypothetical protein': 2}	MSLLTKRFDEVDAKITKLQEARKRTEPFSAEWWNITSLIGKELDKLTVINRACCEQNLIHYTTGLPADLRIGL
GCA_023571655.1_00017	1	{'hypothetical protein': 1}	MFADSITYPANTVAGMYKQEQEISKAEDAGLFITAADLGRDSTTLISCNNCNEPCPWEVISDRGLCPDCEFE
GCA_023571655.1_00019	1	{'hypothetical protein': 1}	MIKLYKSDDGSFIKSSANYKSRYLFSNDGYVWRQLHRVQGDILISTGVYRLIGNNFRRNKR
GCA_023716895.1_00035	149	{'hypothetical protein': 142, 'gene 0.65 protein': 1, 'putative 0.6A protein': 1, 'gp0.6A': 3, 'gp0.6a': 1, 'serine-threonine kinase': 1}	METSCRLPHGAGRSCTGMDGDAMMFTAFIVFMYLLIVLYFLKDFRKGLKVHKANFSYLKYGFLPRYTVRLPNGRFKANKVGIFYIATH
GCA_023716895.1_00036	1	{'hypothetical protein': 1}	MYRVYGLYKADINAMRGLMHKGRWSHDAAMEWLRDLYISRKNAS
GCA_023716895.1_00037	1	{'hypothetical protein': 1}	MQGEYPMQYPQMKLDVIGTFTKQDTGSEHYSIIDGERWEVA
GCF_001470795.1_00004	4	{'hypothetical protein': 4}	MSKRQELQEIVLERLKANGMVFGKDPHTLSMSDAEELHEWAKAVRFNGSTQSSLSLGRQYYLFLSKLA
GCF_001470995.1_00011	1	{'hypothetical protein': 1}	MNVLSTLTIGLNYGAPAGDNKGKQVPLVVAQKAIAEAMKAQSIDCYTIIECKGYWQGEPECSLRVEVVHNDAHAAVKAVARMVKETLLQEAVLLVHSAVQGELV
GCF_001470995.1_00012	1	{'hypothetical protein': 1}	MSKAKHPYGMPYQHGHMAYKAGRRAASEGVPLESCPYVRNSIEENAWITGWYEVQPKQEG
GCF_001470995.1_00013	1	{'hypothetical protein': 1}	MTYSVKIFHRTTGHFHAYLDLKGRSEWKTRSIAAKHGREFAKRFPEFICALEDEEGKLSTINGYSYSRDKGLHLYTDASSLHVPHEAIIKVARKLGLKCIDHSEWLGLDLISIIKAHKEVL
GCF_001470995.1_00014	1	{'hypothetical protein': 1}	MSHAAAIQGGLQGWSVKAPYPFLVMAIDNPSGMPKGLYWYVVDTRKGSTDFKDRIGTTCKGLLASEWAHCHASALYLHQVQGESITTASEAYAPYWAKVKELQQVKE
GCF_001470995.1_00015	1	{'hypothetical protein': 1}	MNINFNPGLRAHTAVRDNAGNPTRQRWEIVEVGTDKVLGADKELAKAYDKAADTLKAEGKGRFL
GCF_001470995.1_00016	1	{'hypothetical protein': 1}	MNWLYIPAFIFAPRLAFAVGIVHIGYLLVA
GCF_001470995.1_00017	1	{'hypothetical protein': 1}	MAQTLAYFMAFSIIGGAIIALIIRVLQAFKAYRDALLVSRAHIVTLQAQVKRLEADNASGLEYSIGLLKDLQEAQRGIRNVSDEDLPGYVQAEVARRVWMTVSYGADPIERAKLASKVGGKCFRIMDAAKRNPERIAEYAIPSLNHKE
GCF_001470995.1_00018	1	{'hypothetical protein': 1}	MSRKHLNETEATILRGEVFKATLVAALKGLGCKDVEFHGFDTIAAYKAAGVPNFNPALTRIQVIGFWPDSGATRKCSYSVDWMAFDSYLLGSDLGAVKSWATSIARDIAHERIHDVLSRATMSVPLNAF
GCF_001470995.1_00019	1	{'hypothetical protein': 1}	MSQSNENFQKTRKTRESQGFADLQAHRIRKQKRQQAHKQARRDALEDR
GCF_001470995.1_00020	1	{'hypothetical protein': 1}	MLWKIAKVTLLTACCIAASAASAWLVVIILWPIIKPH
GCF_001470995.1_00021	1	{'hypothetical protein': 1}	MSYTWTEPRRPQEFNEKQLVAHLKKAAVLSMPKADGVRIQMIFDEDGRTVYLRSRENKPFRGLELIEKRLNADWLANYRIDLRAWTFEFECEVIDQGTGQVLPAPKTSGTLNQKEQLLPGRMRLSLFDATHPATIKTQDHEQRLDIPFDQLVAIREFVLQVAQFVRLPWHVCHTLEEVRNWYEGARRNGFEGTVITPLGKPYAHGKKVASGWKMKPSETKDGIVTGFVEAVAEDGTPKGMVGSLEVTYEDGTKGTPGAGALTHEERKAIWLDQETYKGRICEVKAMEEHEGGALRHPNFYRWRDTLEDKGVKQ
GCF_001470995.1_00022	1	{'hypothetical protein': 1}	MIGTYRDWEKSQALPNAAREQGYKLLSHHSNHMEQSIVGYMEGHEEEFIWSQRLGVWFVKGTSPDAAKEALRQRKMKDQRADAFNRSFNGKQDAKSAQVLVLKLKSEGLGLRPHEWKLGPGPCGRTVLGLKVDRVSMPGWLVVWQWCEDEPSRPDEFCYPLDDIAALRIYQTGNPHPAKQTCG
GCF_001500915.1_00003	48	{'hypothetical protein': 47, 'gp0.35': 1}	MSMITVYGLCKHHVETGRRHLKNRTLSRDAVMGHLKSVYAARKGLYNTLTAEDKPQ
GCF_001500935.1_00004	5	{'hypothetical protein': 5}	MSQRTNLKKAFKIARMVMTYGASERATKKAYIRHHIRLPARQQRWVIRSVHIQLHEPFMVPKDLVPSATGFAKRQEF
GCF_001501275.1_00006	2	{'hypothetical protein': 2}	MVTIIGSIAVASFFGLIIKLENTSKAINTLIAQGYHVHSEKDYFVVVDETGIIELLSRKQLIITAKALNKLESM
GCF_001503795.1_00002	1	{'hypothetical protein': 1}	MKRTTTLNLTTNSKGLLKALSVPLAELEERMQANFVRLAQLGYELTEIHQDAFHWSRSEGLPVANREELIKNAMVVYGD
GCF_002615605.1_00003	1	{'hypothetical protein': 1}	MIIIALLTTIGLLAGASIAKSIMVAIFSYITTSLIVGLIRKC
GCF_002617945.1_00001	1	{'hypothetical protein': 1}	MSIETRIKHVKACSDHLEGLGFTDQCVDDFEGTVYLMGTDGASFHMHKLYTVRKTGTTHSRKERLHRAVIQYTHAFNMKDM
GCF_002617945.1_00003	5	{'hypothetical protein': 5}	MMTHKEYMEQNRIVENTFDLHHTYYSQFVTDGVKRRVLDAVCIDKLAKDFIEGDKHLNKAYSCSKVWDRVMMVTPPEVASLLKEAGELNTLSNQVCIVKAAARQLIEEHLANQ
GCF_002617945.1_00004	1	{'hypothetical protein': 1}	MRYDITLVTTQTGYTAEIYDNEKGEWLPERKYKPTSKPTQLLRQIDEELNK
GCF_002617945.1_00008	2	{'hypothetical protein': 1, 'putative andolysin': 1}	MIQLFVNKRTNSYYKLLNGIWYFYHNGCWIKSYTARSPFYRVELIRDLLLIGNNFRLK
GCF_002618485.1_00032	2	{'hypothetical protein': 2}	MIQLTEDQLKQLLVDAWFAGHETSQYTPNAYGDANRYARSTLKEVKEDVSA
GCF_002619725.1_00003	2	{'hypothetical protein': 1, 'putative cell division FtsZ inhibitor': 1}	MSQRISSANLAHALDMHWNKPKGLQVIPKDEAFKLSLDIFTARSEGLTTYGLTRETVNNFRCLMAYGLPHDRAMVHLKRLYDNNKHVALNPINPIQPN
GCF_002624845.1_00042	1	{'hypothetical protein': 1}	MLDAYLRVSADGRHVELDAPIDELFVNEFSERAIIKLTKRDVEKLIGRLQVKLKELNVND
GCF_002624845.1_00043	1	{'hypothetical protein': 1}	MELEYLKHYKIRFMNTTNLTDDNIKELLYVIRDEDVKGLLDTTDGGKITLYNCVGITGQHLVDFIDYNDYIVARVYPYTKELGRTQKGCLIGKATFTVHEELYNKESTKC
GCF_002624845.1_00044	1	{'hypothetical protein': 1}	MVNLFLQAHYDDVLSDIYLDDFLSGGDGTHVLFQHYKYCVIFEDEKTSRQPFFKEYKLNRMKKEDLWGLVEKLDLPHYSGEDMADYTKSDIIDELMSISNEEYYERVYDNLDYYELDYDFTVHGYNQGDVLKVVLVGSKEFIKNSYYTRDYLQHLFFDSPIRAMLSVTTDESVDYIDLTEYLKDSYTYDKEVLLSNFESTYEDEYKEQILNYLKINLPTELEYL
GCF_002624845.1_00045	2	{'sequence-specific DNA binding RNA polymerase II transcription factor': 1, 'hypothetical protein': 1}	MSKQIISQRAFKDAHKLVVGIRYGKYPNILRILEATHYNATSLGWRCDMYSLGSMGLTTGYSYKAHVDVFYDEWLKEKLAIIEHKALLRGGDYLHELQEELIELLWQYYERRY
GCF_002624845.1_00046	1	{'SAM-dependent methyltransferase': 1}	MERSIKQVFISAERVNLSDTDNEIRTCRLEDILSALRYRFCDGIGAHKENLFIVEVESAADIAVLIALAVKFEQNSVLLVDAQGEVALQCISEEEVGDSVSLGYLYFSPTKPNEKQYIEITSGYLVAR
GCF_002625125.1_00001	1	{'hypothetical protein': 1}	MINVLSYCPSGYLTPQSFNSLVGLWLYTGGKTSKWYACLPKGGYFRT
GCF_002625125.1_00002	1	{'hypothetical protein': 1}	MFKVITACALMLTFTICMLDIVVKSNAEHLGLFGLSLGLFFLSFGLDK
GCF_002625125.1_00003	1	{'hypothetical protein': 1}	MTKYGKVWGLDSEEINRILEVFTPETIKSIESEMIYNHFDNVKTVGLPTSMLDIGCDLEELRLSKPEDKDFYILKVKPHCLLAGYIELLTTKEITNGNS
GCF_002625125.1_00004	1	{'hypothetical protein': 1}	MEILELKQGDELWVSNNLLIERMNNGFTAYKYVGRNRSICLSIRVICFDGDLNKALAKAKKNLASFYDKDFHNEHGGYISPITTLLKINTNIGN
GCF_002625125.1_00005	2	{'hypothetical protein': 2}	MKQLHAVRLLLEVGGKVECKLKVSPKGRTIVKLVGQKSMDESIFLMSTYKGDYRIFNKKGELLTVHTHYNSPITI
GCF_002743475.1_00002	1	{'hypothetical protein': 1}	MYKHHIATFDRNTYELLCGLHNAVPKRNALSLGLNLFEVTITRCYDKQACFDMLEDIGINNIEYVITEVI
GCF_002743475.1_00004	4	{'hypothetical protein': 4}	MLNRIDVHFKLLSAEKDIYFKRTWTTEPSDYPFIMGINIDGTMYYPDGNTMDNALYLIEGEHCKWHYIQDVLKETFKRDKECLYLTFQPLIKLHYDDGSVKELDTKDDWFSFDWHEGYDWSLEERLNQLFFETEQAGEAIGDNVEDLEEWLESNLLTWSWDNVSMS
GCF_002743475.1_00006	2	{'hypothetical protein': 2}	MFFGVTTLVAFCYLVYRVGTTNKAINIIREEGLTVYGDGNMYVLIDNHGVIEYITENQLIEIANFFLRLR
GCF_002757895.1_00002	8	{'hypothetical protein': 8}	MSTVVHVDAPDGYGARVYHNGYCLTLHGRALSQADVMSLRGLAFTEALVGSVRFAALEQGWHYTAKLALIPTLS
GCF_002956045.1_00001	2	{'hypothetical protein': 2}	MAINIIQGNHTYYPLSSVVHNWCNHLSVHFIWLDGNWCIVPINGSQHQRRVKQAGVLRYIVWQTKRYYIDDEIVY
GCF_002957185.1_00001	4	{'hypothetical protein': 4}	MRKQHVEWAKQHDWFYSVEAGNAPGEFLVWTKDGDKLHPWPFSSYNDLRNWAGY
GCF_002957185.1_00002	4	{'hypothetical protein': 4}	MRSYSVNKHHDDTDTGSMWGDAAFILLMLVGTFATLAWFVS
GCF_002957185.1_00006	1	{'hypothetical protein': 1}	MTNVQPSKVITMHSKLNTQRLALAQLLREEGHKVLLFKWMYGAGASSFSRVEKEDLQRLANRVRHS
GCF_002957545.1_00001	9	{'hypothetical protein': 9}	MRKITAQAVEAFLCRDTFRSGNTEVFLDGDTVIMKLHGNSIAKANVDGVWVSCGGWTSNTTKERLNGLMQELDLGGIYQKDYVWYFDNGSEFDTDNWNKVK
GCF_002957545.1_00003	1	{'hypothetical protein': 1}	MKTQISKHFDGRIVITIEGMSKGRAKRYIRTMAKRHKLPLKDNLNLPDIQTEPVDAFIGYKNKVWVVWWHGN
GCF_004521515.1_00048	1	{'hypothetical protein': 1}	MYGGLMSGKKRKYFSNNWRKIKDLPDKFIPQLEYEDVLEKNWSLVPNKNIIIRCENKDTGKVKEFSFQREKACVNRIESMQDTHDITICTDEIIGVVTNLKDELDEPDFY
GCF_004521515.1_00050	1	{'hypothetical protein': 1}	MDNAILKYFQNKRRKEERERAEKARELTQRSEKVKSLKEETQRKLIKD
GCF_004521515.1_00052	1	{'hypothetical protein': 1}	MTTTRSFEFYNHKERCEVLNALNCYQRHLDEQGLDPVSVRPDVLNRLIDDFQEFVLAN
GCF_004521515.1_00053	2	{'hypothetical protein': 2}	MTATLSKLTGQDLIDHVKLHNDCCSKSEMCLDAGYVNKNGGPAFTDFYTALLEAKTDLNQMPEESQSGADWYDNLSEQDQLLYDQIEDMCPEFAKLTAEECQEFMDELSDIGITTAQQFEDAYYMQFDSYKAEREFAEELMCQVTPNLEDSPVFFAIDWQRVWDHSLSYDFSTIEFDGTTYFFHNN
GCF_004521515.1_00054	1	{'hypothetical protein': 1}	MTYTSRLFDAHRTVIESFIIDEAGLSEYKALKYATKKSEAKIKYAMLEKMIEIIAINLDVEGVQSKLEEDKVAQARAVLGAAAKNHVPAEEMIMDEAEEALAF
GCF_004521515.1_00055	1	{'hypothetical protein': 1}	MVMNSNTLSGRETTTFTVVVPIDYYSEELIDPCKGTLLIDSYQATLIDDNLVEVKIKDVDDELIQGMTENDLVEWFGIDSEFIVSTNLEDLM
GCF_004521515.1_00056	1	{'hypothetical protein': 1}	MSPGRLIRLADTVSLRTTRQGRMGHTKKVNGSRSSMIITDSIQHYQLLCDALTNFTPCMLQKSKDEYGDTIYWLLDGCGDPDGDYFESLIDVEDYICNNVDIETYIGNRK
GCF_004799885.1_00001	1	{'hypothetical protein': 1}	MEIVMQALNHGVIMTTARDYTGGHQIHGAIRPTVHGV
GCF_004875685.1_00001	1	{'hypothetical protein': 1}	MCPLQYVVSAQSLLRLTSVLKAARHPPGCTGFESLTWHLFTFKELVMLYQINFNRGYNTPVCATEYVHADSTDEAWVKGDCMAQYPEQVSTVYVIKDAN
GCF_004875685.1_00003	3	{'hypothetical protein': 3}	MTAYCLLNHYMFIAVPTRTSAAIDKLFANPLTGVVRCQFKDGYTYEYTNVSRRAITNLLLNPNMSLGFWVNKNLVNNARPGVSILNFSIV
GCF_004875685.1_00005	1	{'hypothetical protein': 1}	VTVTEHSLAIKVPTFPDEFKPLLKFMQRALCETEIRDALAPDELHKVEHWLNDFQSLALEFAE
GCF_004875685.1_00007	1	{'hypothetical protein': 1}	MKLSTNYTINANISHVGYYTGDNSFTFYTEDDEQIEIYGADVGNVICFARNFFVVDLKGTPKARLGEHQLRNLNEIKDALTEYLKEDA
GCF_004875685.1_00008	1	{'hypothetical protein': 1}	MMYAVIQDDAVIEYFGDETAAYNEAFNQLEHEVDGPVYVVEIVKRFD
GCF_013490925.1_00003	1	{'hypothetical protein': 1}	MLILGTNLTRALQEEAKRLYVHRFTGDHKPFWATRPMPNGKPYPVQFADDADWLANTYFEVTKKGTFSRRVVHCQSNPTWPYNPELRSKSA
GCF_013490925.1_00004	1	{'hypothetical protein': 1}	MKIYAACLASYNNATLHGQWFDLDDYADEFDLEQAIEREVLMTSPFPNVTVACPHCETARRGMGVAEGHSFTGFYACSHCDGYGNHTSAEEWAIHDYDGEGLSGFGEYPDLGELMEHKRLYEEHGDAWLAFKSCFGDSVTEDDFENAYRGQYESMADFAEEWMTECHGLKGDEPFFYWIDWERAARDLEVDFTFCDGYVFYSCW
GCF_013490925.1_00005	1	{'hypothetical protein': 1}	VSIFPFTTDIEPLLANLDGIPIDPEVQFANEFKALLDGPGELWGPQATGRSKLATRLYFAGWSRAELESVGLKPKDVENFRRKYKLTLGGAGRPKGVPQSTVRQPEGNTIKDILATAEARRVALTAQIELKRLETEQLEQELAQIEEAIKAMQPNEQPVI
GCF_013490925.1_00008	1	{'hypothetical protein': 1}	MMKIKSIKFYCMAPLVTQGKLNGSELKSTFHSHGDDLELHYEIDTGPSGTLTVIVGSTAYVYKLADIVGRIEASL
GCF_900016765.1_00001	4	{'hypothetical protein': 4}	MTMQAITITAKGPTTRSGSHWVAQCAAGKVKVPYNHELDVEGNAMEAGRALIKKLGWVWAEGYKGAWSLGGLYTGQYVLVYHEVGDGAIIE
GCA_019466435.1_00047	2	{'hypothetical protein': 2}	MHNLDDAYDAYVESVCEYEIPMSKRQFLKMIEEWQERPNKVSPALKEDI
GCA_019466435.1_00052	1	{'hypothetical protein': 1}	MLMGILFVIGFILFVRAGNTLQARSKFNKRGYNVVYVGAGWWHLTKDGCHWQIKSKDFLRFAKEI
GCA_020472965.1_00052	1	{'DNA-directed RNA polymerase': 1}	MQDLHAIQLQLEEEMFNGGIRPTRYPASA
GCA_020487865.3_00005	32	{'hypothetical protein': 30, 'Orc protein': 1, 'putative restriction-modification evasion%2C mimics B-form DNA': 1}	MFAGKLYNFMFSDGIMLKCSLAFAKMREETLGTTYTLIM
GCA_020488535.1_00040	3	{'hypothetical protein': 3}	MTNIQYHGKVYRSKVVGRLFTKTPNGNVLYKHPVFGPFKWSVSDLDVKTIDHCIKTGHLVEVNEK
GCA_020488535.1_00041	4	{'hypothetical protein': 4}	MERNANAYYDLLSATVELFRERIEQDQLTEDNYHDALHEVVDGQVPHYYSDIFTVMAADGIDHEFDDSGLMPDTKDVTVILQARIYEALYNDVLNDTSIEWYEEEEPEEEPCQWYVINDEETGPYVVSYHDSLEDAIEAADERYNVMGKLCHVEDDTSSDSLYNPSNVDNSF
GCA_020488535.1_00044	3	{'hypothetical protein': 3}	MTNAMPVLNVSITMHSHDEYAGVLITRDGIVVSIRTIAKKATLVELETLVNGYRCVNEKVVVKVYRNKR
GCA_020488535.1_00045	1	{'hypothetical protein': 1}	MVKVTTTVTMTLYLLMQLLVLSYLLVTALSNRL
GCA_020488535.1_00046	3	{'Terminase%2C large subunit gp19': 3}	VTTEQKQLERIKNNFVLFLFVLWKALNLPQPTRCQQDMAKTLANGQQRRFILQAFRGIGKSFITCAFVVWKLWNDPQLKFMIVSASKERADANSIFIKRIIDLLPFLHHLKPKVGQRDSVISFDVGPAKPDHSPSVKSVGITGQLTGSRADILIADDVEVPNNSATQAARDRLGELVKEFDAILKPNGTIIYLGTPQCEMTLYRELENRGYVTTIWPARYPRDAAEVETYGARLAPMLREEMEENPEAYYWQPTDPVRFDDDDLKERELSYGKAGFALQFMLNPNLSDAERYPLKLRDFIVAALDRVEAPLTYVWLPNANNAVQTVPAVGLKGDMYHHYHQADKRSSKYTQKILAIDPSGRGKDETGYAVVYALNGYLFLMEIGGFRGGYEDATLEKLAKKAKEWNVNEVLCEGNFGDGMFLKIFSPVLQRHHQCALTETKSTGQKEVRIADTLEPVMGAHRLIINEEAIRKDYQSARNQDGVHDIKYCAMYQLTRLTRERGALAHDDRLDALAIAVGFFVESMEKDAQHGVDELTAEWLEMQLNDDRISDSLQRYVVLQGDMEILIGDDPWENSGGNLMDW
GCA_020488535.1_00047	1	{'hypothetical protein': 1}	MRDKIYTMTVPIGNCLIWVGTSLRNGYGQVRYKGVPMGAHRASYLEHKGEIPDGYVVKHLCDNPLCVHPDHLSLGTVKDNVDDKVAKGRHRNGHGRRFTEAEKEYIRSSTKSQRELAKELGCTQPAISKIRNKV
GCA_020488535.1_00048	1	{'hypothetical protein': 1}	MSSKLHNILVTGCLLAAVLLILSGCTVVMHSDHTELATEAKVAVEVMNGAM
GCA_020488535.1_00049	1	{'hypothetical protein': 1}	MKMKKRVVAAIVTAILLVTGAALEVDLSQLGDALTGVACGFVECTQ
GCA_020488535.1_00050	1	{'Terminase%2C small subunit gp18': 1}	MSSTKALEELLQQLDHESARLMLEDLKDPSRRTPQLYNAISKLLERHKFNISKVQPDEGVLGELASALPDITEADLFIQ
GCA_020488535.1_00051	1	{'hypothetical protein': 1}	VSNPSNVEFGWNETVGYTKYGDQYKLLYVKPTLSFQFKILFYSTFGAETYEYIQMDGQAGTLTPQQLAEVNAYAISVSTDSNWDFKIPNEVLKGASLSGSILKFQRQDGTEVSVPIGGIIPNTLIDSVVLSGSNLKFIRHGGDEFTIESQHIVGPHVRTRKKTEVKATGTAFSMQSGQSYNVVDLLASLGIDSGELEPLFKQTGKILKPYNTESDVHFKIVLLGTWSGGGGSTRSMELNVGTATENRFIQNRSDAVTSDSFTFNSMIAVDVGGPAATSGVSFNVKPNGGNFSLTTISVIATQLVLPSDTQLP
GCA_020488535.1_00053	1	{'hypothetical protein': 1}	MPVSNDAVLNLPQDVRGLRGFFGFVGKRGETVYKQFTFPPLDCNFQINRKGDWQVFQLANNGTQLIRRYGWSEGGDPYVFYCEPIAS
GCA_020490015.1_00007	1	{'hypothetical protein': 1}	MSPIYTTADFHLTNQTMELTQLTDQQLIDRVNYLGEEILDTSQDDETFHILAARHDAVVEELTRRGMW
GCA_020490015.1_00008	2	{'hypothetical protein': 1, 'gp14': 1}	MEPISDFAWFLQDSSDEVLADAYEQYMDNQGSAWFHDIFWEANRRGLTLNDLEQILLNKQ
GCA_020490015.1_00011	3	{'hypothetical protein': 2, 'gp16': 1}	MAFQNETVIERLQSYVEGGEYEKAEALAQLADHLEECYLWDVTFDETTG
GCF_000900955.1_00005	2	{'hypothetical protein': 2}	MKSNMPEEGQFVALWKFGGHLWSRVMRWQNGELYQYTPCDISDDWELVEPDVFFQDVTDVRFIN
GCF_000900955.1_00006	21	{'SAM-dependent methyltransferase': 5, 'S-adenosyl-L-methionine hydrolase': 3, 'hypothetical protein': 8, 'putative S-adenosyl-L-methionine hydrolase': 5}	MFKTNAKFIVLASAFRFGVSQDTNIENHVDVRFSLDAQGFQHMDVLGFYQEEGAALGSTELTFAVPCNSAAQIKSMARLFCGCYNQDCIAVWNRDSNTLWLADKEGHVFHNCGAMRMSVTKPDTSAWTYCGGFYWYAE
GCF_000900955.1_00007	2	{'hypothetical protein': 2}	MNYAKYILIAVSVLVAGAALNQAKASYDSHSSEQARQDKSDKTIRIALAKYARCVERDGNEARCAYLLGSFVISESK
GCF_000900955.1_00008	2	{'hypothetical protein': 2}	MIMSVLVTLAGMAGEAHIDALAQEAYVEAIDDCEHHTDTPEAFYQCVAEIK
GCF_000902475.1_00001	1	{'gp0.2': 1}	MIHTKQPDTHTATLVSYKREGVHGVINRSRETIGVYTAVDAAIGECYSVERGAQVWEVR
GCF_000902475.1_00002	2	{'gp0.6': 1, 'putative S-adenosyl-L-methionine hydrolase': 1}	MDAQGWIYGITCWGLVALVVWEIIKDNKARKDN
GCF_000902475.1_00003	1	{'gp0.6': 1}	MAMLFILTVYACIFAYIARDFRRGVVHHKATLAYWQWVYCLASL
GCF_000902475.1_00004	1	{'gp0.65': 1}	MLQRTEWKHVKQALYMMAYGASKRKAKRVIMKGRKMTAR
GCF_000902475.1_00005	1	{'serine-threonine kinase': 1}	MNNTVTTNHLTMLARITNRLVSIKELPIAQLALRQPMMVGLLVDIVNHCTDGGNETSAAVGVERQDYWQLLKEMAGDAGYKFLGAGYFSATFKHEMLPGKVIKIGFKKEDSGAAYAAYCRSQGATVGLPVIHDLARHKSCYSVVLDELREYRNNRAIHTEELDKQFEIVRGIINYGEVHLWEAPAGMLVVRESLLEKARINLKDRVMEYQMHHLMNQPLRIDRELDARLRG
GCF_000905795.2_00001	4	{'hypothetical protein': 4}	MALISMKKLNTGEALNLFNSEEWDLSKGVYTCPCFKRNKETGEVLRLPDKVKVDYFIHMKGNASLNRLHIQKSAAKSIASLLCKQLKDIKEIPNY
GCF_000905795.2_00003	33	{'hypothetical protein': 31, 'gp4': 1, '2': 1}	MFKHTIYTQCSISAGLMNWWGKSGIKCYNLNDSSTMYEVTLMRRYNHDTLLWVLSEWGIDYEDVITEEI
GCF_000905875.1_00002	1	{'hypothetical protein': 1}	MSFKQFNIYNRVHAPDYANTGAKSYGTNSFTTTEVVVGTSSRNSHEFLKHETKKIVNDDGTMTFEFWLDDALIKECVYDIKQKKVISNTTLNSTRITTKAVA
GCF_000905875.1_00003	1	{'hypothetical protein': 1}	MLNTKQLKQEPYQNGFPTVKTALEFGQVRDLFKIVDDLVQIRNNAMFNTVEDENKFNFILSELQFYHREIDYAKLIEEKKIFKY
GCF_000905875.1_00004	1	{'hypothetical protein': 1}	MQIAKCVQKIQRAENASKYRDETEKKKHFEDYQNAPQEQKLKMFHNAIAEGWIS
GCF_000905875.1_00005	1	{'hypothetical protein': 1}	MTKKIYMSDEDKMMRDKSLTWSKPAIVTSKDYLKAQFEKLKTTKYGFSIKIFDGEGNSTNQMELTPNRVDELKEMFDESELLQLQQ
GCF_000905875.1_00006	1	{'hypothetical protein': 1}	MSGFKSYKIRDGVHIPSEKYKENWDAIFGKKKKPTKGLDGELEIKIQDNSVPAKNKNSKTV
GCF_000905875.1_00007	1	{'hypothetical protein': 1}	MSIHCTQLASKKLRLIHKSVLNGNGCYIHNKQNAPNII
GCF_000906315.1_00001	1	{'hypothetical protein': 1}	MGDPKRLPSRVDKAIPVIYYVRYAVIKGTYKPSPKQ
GCF_000907035.1_00007	1	{'hypothetical protein': 1}	MISILTPHLVSIVSTIKDSLQKFTIIFVDEAKERRSLDLYEETESDAVLEALDLVPCLHNNAAAIVGVVEHH
GCF_000907035.1_00008	1	{'hypothetical protein': 1}	MGGFFNGRKGLLNLAFSVAILGLRASMRGLEHVEMSPTHNQMNYDPYKNQARTIEDLAEESRKAISKGGYSTKPCIKLQMLLDRFRLSRLERQ
GCF_000907035.1_00009	1	{'hypothetical protein': 1}	MLNFTYQKDRLGLEQEGPRNYSIYRHYIDESKATEIIGSALTLVEAEAHCSNPRARKEGEWFDSYHDELVPWDEGISSVYEANRLTKKWIGVNI
GCF_000915495.1_00005	1	{'hypothetical protein': 1}	MTKSQRTKQDHFNNVMSRFMLAYKTGDKAALHEMAAILESRLKAATELKNMRWTTKGDFSHLHANPLICK
GCF_000916695.1_00002	1	{'hypothetical protein': 1}	MQAIQTKYMGPTDTKGSRVQVTCAGQTRYFGWDHALGSCDNHIKAAEVFAKEWAASFKLHSAILKAGVYVHIATDVETLKR
GCF_000916695.1_00005	1	{'hypothetical protein': 1}	MILKWTIQRLIKLDVGGEAWQDCQNGHRSMLGYTVHQEELLMSDLQRLRDRYPANAYRVVQHVDFTPAVPAKLTPR
GCF_000916695.1_00009	2	{'hypothetical protein': 2}	VKARARSIKFKVEGPVQREPRRTAIGTRYEVVGGGIKEHAWGLGMGPCGRYVHSLEVSVTPELLTISQTSYPSEFSADDRKVEHFVYKMSDVVGRVRIEAL
GCF_000917035.1_00001	1	{'hypothetical protein': 1}	MRHLQPSHYLQSKTYSLSIGHHYLQYPRIHTAIDTYSLTMVVKDYYLIFNGSMINISNYLLTLSLQ
GCF_000917035.1_00004	38	{'hypothetical protein': 28, 'Gene 0.4 protein': 10}	MVYGLTRQAVETYSQCVKLGYNWSLAMQRMKALYDHNKKFALSKQ
GCF_000917035.1_00006	4	{'hypothetical protein': 4}	MLNVISWALSGVVLYGLIVLVSKLPVFTQIALGV
GCF_000918515.1_00001	1	{'hypothetical protein': 1}	MLKPLKRAFKAYAEAAKMIAAKRVGFVVWSAEYRAVHVAFTLKGAIEWQGCYDDAVIVAGQRVIRNA
GCF_000918515.1_00002	1	{'hypothetical protein': 1}	MCPLKESIVTTKPVIFATSVTESSCGGKVTRTLAHATLTVRQTDGQATITNRAGVTMHLDKDAALGLLVALQDAFK
GCF_000918515.1_00003	1	{'hypothetical protein': 1}	MSYLLSYKAREPGVRYLVTKYEEFADIASILDRAGELIQAGFAVHIEPIATR
GCF_000918515.1_00004	1	{'SAM-dependent methyltransferase': 1}	MSFLIMSAFRQGLSQEENLRRHHQLDATWSSILGAHPKLTLGSYVENESGKAGVELGIKIEASGSVPFPKVLQIALKLAQFFDQDSVLVVDYSKDATLVYPTGEPDSALGKWTPVSQSQALKRPYWTNISGQYFITE
GCF_000918515.1_00005	1	{'hypothetical protein': 1}	MEQAIRINVAKRQPKPGWNGKPTYRHHCAVSVDHLSNLDDVHALIQQLRAAFPEGDYHITATRWVHRGEGLNIEGCDRDR
GCF_000918515.1_00006	1	{'hypothetical protein': 1}	VTADREVLLGWRVYRDCGSQPGWEVGVFLYEPDAIRWIKANRGAKLRGWSPACWSRNYRHHQVPCVRVGGQLFILRAVHEDPKP
GCF_000918515.1_00007	1	{'hypothetical protein': 1}	MSATQGRLVEIHVHFKGGKVDVYHITGIPNARSLSRTLMGNPQVVKVNLLYTGERGATR
GCF_000918515.1_00008	1	{'hypothetical protein': 1}	MIVNAATFRAILRNVPNNALRPIVIGDLAAKRFAAVVDHEVPINGTYHVTNKDTKAEVWLAGDDYALAKSLAVELYNAAGDITLKDALLWIVLRSYEEELRNGF
GCF_000918515.1_00009	1	{'hypothetical protein': 1}	MASNRVEYLGHGPEGGIQEHSKGALHPLVAVVVDAPADAVDQRKRTYYIDPRKDGKDVTGQWKNPMFAHKYARLYLWGYSHCKERPLTEGLNKFAAAEGRTVESLYNEAENEALDACEGVADANL
GCF_000918515.1_00010	1	{'hypothetical protein': 1}	MQTFKTYVWPVLVLVIIAACCALTTGCAVTTVTVNNNIEVHDSNIAVEANKVQSVRPLTAI
GCF_000918515.1_00011	1	{'hypothetical protein': 1}	MFNRIKRAALWVIDLPVISHILVAVLALIIALGIWLWYIITKTAIIAWSLICLLFSPILALLTFLEYAFDGWGSLR
GCF_000918515.1_00012	6	{'hypothetical protein': 6}	MMPPLTDPSWATVKAATFAVAGVPAKWNLGVGPCGEYVETLRVFMSATDLVIHQITNQSEKLFVYARSDITGRVTFQL
GCF_000918515.1_00013	1	{'hypothetical protein': 1}	MRQSAIDPALASPIGQRADETGANFPFSGQLKGDSWYVFDATTGGWGNTPYQTCAAAENAAAECKRNQQARIAADVLKQAEASETKRATRKAKPAEPVASDTVGQTTEA
GCF_000918515.1_00014	1	{'hypothetical protein': 1}	MRITSQVNTLNEYRAAFFVKALRQLARKVGLELAEKTTAQSVCRLLADTYDDRFGYKAHIPSPHLSYLDFSTKDGRLLRSLLDPVHLFHVFNGLAQTPHTQQQELVVLGEHALRIIRQTVDHGLRDTLEAITKEAR
GCF_000918515.1_00015	1	{'hypothetical protein': 1}	MILRNAPALGYTFEQARSLGFASASSREAWARTEQHNAMIEGQPARAIASRFAAERNLKENLHRAIERSKTGHGLPGMHRRGTITLHGKDPERVAIQHETWEEFRDAVVDVRPLNPQSHTTHYHPQRKD
GCA_013377455.1_00001	21	{'hypothetical protein': 21}	MSIATDKLKDQLHELEQRIKVAINEHEQAKSAFGRLEVPPSHPMWGVFRDRIDSTLIHQRVLQALWHRTKAELLERMNADKEPE
GCA_013377455.1_00006	34	{'hypothetical protein': 31, 'putative oxidoreductase': 1, 'membrane protein': 1, 'glycosyltransferase': 1}	MSRVLDHAVTGIASVDKYHPLLREHLPYIKEMAELAETQGPITAACFSESSGFQKFLDDCVVCHAPGVYSVAYLSPRYCAEILKEVKKFPHTVNDEEPEEAQIPEVVFQNEHPVLFEVFRSFWADAGVTLAKVLLGLDPVNLTTCQAAQYVPTGISRGHWHIDQDSDVTLVVALNDDHKGGGTMVYRGPFAPAVEVPQNETGWAMLFCGKTTQHYGIPVIEGERNLLVHWSEIK
GCA_013387635.1_00001	1	{'hypothetical protein': 1}	MDYNQLNWEWLAYEAAYEDMLNASAYVCSDCDAISIHEAITDHLAFYRKFVA
GCA_014337605.2_00002	2	{'hypothetical protein': 2}	MKITPEHYAELKGLFESALSDEVKRLSGHEDMPKTVKALIEHHKAGYEQEGLSEVRMMFDLYWWVNRRRPELHDWSARVYQYANDDHKATAIRKVIKEMTA
GCA_014337625.1_00007	2	{'hypothetical protein': 2}	MIHIITRKAAQITLAMGLCVGVLMATMPAAEARGGYSGGSRSSSSFSSSRSFSKPSSIGTFRSNPKPRVVKHTTVNRTTVIHQNVNAAPSASSGIMSSFIGSFAGSSLANWWFNDDDKAEEAKPVVEQQAAQ
GCA_014337625.1_00009	1	{'hypothetical protein': 1}	MSVETLRLIPSSRLLELLQKEERLYALESGGVDSWEGYDDALEIHEDQWEADQLLETYPESTYQ
GCA_020892805.1_00009	6	{'hypothetical protein': 6}	MLQHTDSLTKKVLYALAYGATNKTLMRALHLKRLPARKVAKARKEARLIINSLS
GCA_020892805.1_00011	4	{'protein kinase': 1, 'serine-threonine kinase': 1, 'Protein kinase 0.7': 1, 'hypothetical protein': 1}	MRAQDWMGAHNWHNMWLHNNIADVIKIDQVNGLKWQLGDRLAIQAGLPLNIDKALDAQLMG
GCA_021090025.1_00049	1	{'integrase': 1}	MKFRKKPSGIWVVDYIDETGERRRVTTGTRDRAEAHRIGPLIVAGTYVSPDTVKTQATDGRMTVDELFRHCELTIWKPGKVKAQATIKSNLKLLRERIGSEPVAEITKKRLEALAEEMEAEGYAPATIKRKLDTLSKALGVAEGLHDTRGRVVITTKPKMPSITVRNYCDRVLEPDEEAAVFAAIEKRREAEPGRDWQRFGLLIRFMLDTGCRLGEALNARVERIETFSGRTWVTFPIYTTKNDKPRQLPLTRAIEENIELLKAMAGPDGRLFPYSPANVWYKWTNMRDDLAKLGFDISDVKLHTLRHTCLTKLARTSLPIHKIMQWAGHSSIEITVKRYAHLRPEETMDALHILDGLEPPRSHPGLRLVS
GCA_021090025.1_00050	1	{'hypothetical protein': 1}	MTTTTKAKASAAATSKLLAASASGLERLSVALQAISAEIPGRTSTRQSMAFVTCAYLNSMGRSVTLSELRELIGDDNHGSPILGLSVERTMNAFLEPTKRDPEALGWLRQVPDEDDRRKKYLELTPEGEAAVIRFIEAYEGRKMEA
GCA_021090025.1_00051	1	{'hypothetical protein': 1}	MIPACFVFLDQEKASGPVVRVERDGFSPVFALAHAREIAWVPNRFEADEFAAAFVVASRSVPGTVRLLGNGLWGQLVPRDTRRVYVVQ
GCA_021090025.1_00052	1	{'hypothetical protein': 1}	MTRRPPPTPAEIEAHVTRWIAEASAFPPARAAKLLRDKAAFVERQVAARAADAFALGVASSRLQAASLAASRAT
GCA_021090025.1_00053	1	{'hypothetical protein': 1}	MSRTVDLTPTWAGLLPVLVELAHEGNGTARPLARQELERMAQAADRWNARMALVERYNTALNLKEITPNGDDYNELMSLLDGGAYVEPEEAGR
GCA_021090025.1_00054	1	{'hypothetical protein': 1}	MAYHVLFIHTRAYGEPDNGEGWCIEFGDRDREAVDFERQDHRDRGVSARHLKVVTFPRTPTQRQLTAKRDELNAPA
GCA_021090025.1_00055	1	{'hypothetical protein': 1}	MSNHPHPAPPKARPSSARRVVRLIEPGMGWDLDRSRDALRQIGETGRMVRAFGGAL
GCA_021090025.1_00056	1	{'hypothetical protein': 1}	MSKPSGLILYRGPSLLDGAPIVVVATGLGRSSRNEKTGDMVQTWIIRDDVRPDHAAKSGDDASVCGDCPHRPVNAGSCYVKTFQAPLSVWNAVHRGVYPTADDAGAVSDAGAGRMVRLGSYGDPAAVPVWVWEALTARAKGWTGYTHQWRVAPALKALCMASVDDFAEAVTARAQGWRTFRVRTAGEALEPREFICPASAEAGQKTDCASCRACMGTDAKAKASPVIVAHGATARRFALYRQGTLVPAIAA
GCA_021090025.1_00057	1	{'hypothetical protein': 1}	MTLAEKITAERLKRAEISERFADAHGRDSHHGRNLLEEAAHYRAAAEASKAGDLTPRPWRPCASPLA
GCA_021090025.1_00058	1	{'hypothetical protein': 1}	MQLSDAVLTAAADWGYAKLQEEKAWSALQAATYPPEVDELRGVHRRARAAVKAAWLAFDDAVTLWDLEAGQ
GCA_026273205.1_00010	1	{'hypothetical protein': 1}	MSNAIHPNTYDLMPLTGKTSRKQEKPISLALMVPVMPESEHIEERVDVVNDATKSGKQKGALVLDFHHNLYIATGGKPDSEWIKVSRNEIIVPA
GCA_026273205.1_00046	2	{'hypothetical protein': 2}	MAKFINVAVVFLFATLILLASGSLKHEVNNYEGFSVHHVVIKDVSLYSWTE
GCA_026432355.2_00004	4	{'hypothetical protein': 4}	MSQRTEILKALSERYIAPECVRVRVMDYAGNPLAPEKVAYRTTFTSLGRKYKVTYWPNTVGFQS
GCA_026723915.1_00006	1	{'hypothetical protein': 1}	MILSDPTLAICSGEKYAPGIWEAREILDQIDQYMDTYGPIQPGVDYAPDSEWAKFFAENVKMYAPGIYAIRYLHPEYCRRLLVELSDVQYTVNEEEPEDAQIPEVVLEEHHYGLYQCPTKRNPRTPRYPRSSLRNTTTGSISACAVSSRGTQRSWRIS
GCA_028389935.1_00006	1	{'hypothetical protein': 1}	MSNLTIALIVIAVYSVLCSVAMAVAWYGLKDEPAIYLTKDGWHVRSERSRCFTTRSPKLSAGSKQLKRSLKSRIKNPH
GCA_028897465.1_00001	1	{'hypothetical protein': 1}	MANGFVLYEGPSVLDGAPIVAIATMSTKNAKTGAMVQTWILRANMAPLAAC
GCA_028897465.1_00002	1	{'hypothetical protein': 1}	MNEALKKLALVAHATLVAKTVEKAVTCDALDDLQIGQTFTFDAVNRTKTGRLMVEGIVEKVCHMDLAKLMQHGPFTIVATYKGALTDVVCQDVSGEHFMLPSGVFVLLKRFENGDLPPELPFGLDFEDLRKAA
GCA_028897465.1_00003	1	{'hypothetical protein': 1}	MNQTIDKLIESSNGRFLTIKFLKDNGEVRTLNGRVGVRWGNVPSSYRRDSKHRKFYLIYVPHKGYRRVNADAVLEVSLDGVTVKNNTVPPEIAA
GCA_029535485.1_00001	27	{'hypothetical protein': 27}	MKLTKETAVEIRKALSDKDLLGIAAAYKERGLTFTRFIWDAYHSIGHANTRDIIARNNDVKIVGGYITDLKDSHIETMLKVAFKDLQY
GCF_003226655.1_00001	4	{'hypothetical protein': 4}	MARKLIAKHSNSLTLASAKVYRDAEWNEYIVTFYRNGEKQHGADYHTDDRKDADKTAASFVTTIES
GCF_003226655.1_00003	1	{'hypothetical protein': 1}	MSNLTIALIVIAVYAVLCSVAMAVAWYGLKDEPAIYLTKEGWHRNGFKERTTFENILKVIFAVFPLTLSLISSLWQYAAMIAIVVFLLSQLTGCAVNVVVMPDATIQYGSAIDQHVDQSQVTQGQ
GCF_003226655.1_00006	22	{'hypothetical protein': 21, 'glycosyltransferase': 1}	MTHRNFQPRKPGLIDKQIQAAKNLRHFATYQARPEVKRDVMVGMYGGRPLTATGALLLKEIHVEALAIAQSYRLAYSDQGDFTGVYRGGFY
GCF_003308855.1_00002	3	{'hypothetical protein': 3}	MIALRDCKTAKMYQCGMSRSKAQANGADMRIFDSLVAKYQDGSIPTGDWVGFKATPAYSCEYHTGGQQGAQLRAICAQ
GCF_003308855.1_00005	14	{'hypothetical protein': 13, 'virion structural protein': 1}	MTNAKRTTQTIKHKGRKYAVIHRSVTLLLIKRAGKPHHFTLEGGKDGTLKRHKDFWAALKHYSDRQDALGIEGNPVTIPHDVAVEVYGTAEVARNEA
GCF_003308855.1_00007	35	{'hypothetical protein': 28, 'glycosyltransferase': 1, 'putative oxidoreductase': 1, 'hydroxylase': 3, 'putative 2OG-Fe(II) oxygenase superfamily protein': 1, 'membrane protein': 1}	MKTALNYTSFTNGHTAVKILAAMQEVKATGEVVRVKNRRGQDFLLVTIAKDALGYAFKLLDNDGRDVGHMVQRASSQWSYSVQRAIWSLFSWANELVEHPLVTKARQDAFVERIKAQGATHAIRLLGGAVMYGGYQRDWLGRKRLYVLADARGRIYGIAKKLTKEARAMVSHVEELV
GCF_003308855.1_00009	1	{'hypothetical protein': 1}	MTRKAAKPGLYDTQLRSAKAFRNVVNLKKRGDRDDLMVSLADAQHGRMRYTTKGDFTNCFRRGI
GCF_003308855.1_00010	4	{'anti-repressor Ant': 3, 'hypothetical protein': 1}	MKFERKSFMGVELDILTGHPEHELLFIANQAAHAAGIKDPSHKARDTAKRLPAFRVSEVLGAHYALMKPAGMHPPTWHKMWLMPESSLYAMLLKGHAPQSEPFRRWVTEEVLPSIRKTGAYNAADSASPIAQAVMDELKMLRGEVADLKALVASMSVPTATVSASPYEGCVGQPLWQYVDRSSVRKAYDLLGLPATFADKRIGSVMIAMEALLLSRWKGGTLRTEKSTAGKEWTVWPKPFLRTELTHETYREVCKKVVVESLS
GCF_003341035.1_00047	2	{'hypothetical protein': 2}	MNKPTYGISQSIMVMYRLLYQLGDRSHDETMAKLKAWHDANKRDYDKREGLFK
GCF_003369305.1_00001	1	{'hypothetical protein': 1}	MLFITLFINIPCRTSDCVERMVVDPIRGLAQVAYAKGNIYHYTHVSRRAIANLLLNPNMSLGFWVNSNLLPYYTKTRCLGDCISTGALKAEEMPVAV
GCF_003369305.1_00003	1	{'hypothetical protein': 1}	MQQHTLKTADPGYQEFSKKIREAYQERNSVNTKQCFTMRMITNLQASLDLTRKKSWDFEGTTDEVDKVLEDHTGDDGESWFYTYHNAGEEIEKLMIQKCIKVANLAVQYDVLTERIAMLNKEQDKYGDELVKKAQEKEESN
GCF_003369305.1_00004	1	{'hypothetical protein': 1}	MFVISHGPDEEWFTSEEEAVDAAFDWSVDLGGDTITVSRVHQGHTFPHMEVFA
GCF_003369305.1_00005	1	{'hypothetical protein': 1}	MSYKDRKDPQGIDWDQWLFASNMTIDMWTEDYYKMLAKLDDVYD
GCF_003369305.1_00006	1	{'hypothetical protein': 1}	VTLSSGEEMYILAADSMDAAFSALELSTDRHCKLLNVTRADEW
GCF_003369305.1_00008	1	{'hypothetical protein': 1}	MTQFTTYTQKTSITMTQATFNFRLDTLIHEIEMHPYKEELIELMHEQVEDDRSCKYSNT
GCF_003369305.1_00009	1	{'hypothetical protein': 1}	MPTDLHMDVKVLAAKSDRTMNEIMVDAVKMYLQQGVVGDSKPQN
GCF_003575385.1_00001	4	{'hypothetical protein': 4}	MFHLKDTEVAPPQTTNRKGLTMMNKRYNLNARVLGNTAQAYADRLKTDKKYTIAQTLNTWNMIVEREGKSGTYSFPTTGYTRKAQLIADLESCAAQLRELAECNDTVYDVEQAHKEALMANMPIDEQTRSRLTREEAPVVATAPVHNKTHFVDITVGSSRVKVKADFQMKLYPRDMSKSRLEESVSCLNEFIKNEFKFTVVAVVTTMGDTHGDLKAIVTVK
GCA_015502145.1_00009	1	{'hypothetical protein': 1}	MSRDIFTAFAIALHAHDKRLYSKWAYAGLFTIYTHIERDTLGIIARKVRAQ
GCA_015502145.1_00014	3	{'hypothetical protein': 3}	MTKQQQAWASTHDWFIRTRVLDGVHGVRVSDDLHEYGFQDFYDFQELRNWAGY
GCA_015502225.1_00037	1	{'hypothetical protein': 1}	MKTICYPMNKQGYFNAVDYLTASHKLSVDELDAFLKFPHSDRNLLVSTIQRANSLRIQAANKANGFNNLK
GCA_015502225.1_00038	2	{'hypothetical protein': 2}	MCGAIHIKKASNSFRLTISYNDLIKILNLFKASREYIRVRKHGMFDLVEVEITCGHSLSSFINLLRGFDILEYDIVQLQPLELNLTMPRMA
GCA_015502225.1_00040	1	{'hypothetical protein': 1}	MELTYRELEVIINLIEFMQKYHRTTKEEEALLERIKEARD
GCA_015502225.1_00041	1	{'hypothetical protein': 1}	MALTITTKYLSVTNTRGARIKVSCSNGVSKTYSYDHQASEPHAVAIWEFLNDVFDVNAATISQQETMVLPIAGLHQDTNGNWYTNAGSMDNKGYTVIIDRIQVSKWNELNYLL
GCA_015502225.1_00042	1	{'hypothetical protein': 1}	MEIMAMSELVEMYREFINEIEPEVTICGCTFQPAAILEELDPIAFRCGYLDYANGLDIDTDELEDDI
GCA_015502225.1_00044	1	{'hypothetical protein': 1}	MKTYGIINKQGQYIEVSTTIRGAKIHATKNGCTQVAYRHNSGHMVVVVAQKDRNNNWYSI
GCA_015644885.1_00026	1	{'hypothetical protein': 1}	MIKNITILKTFKSSQDTCPKPSQGCNTKDYFVPGGIDSAVEKTEEVQKIRHLTSIWNDDPKACFKNAIEKKAFTEKRALDHDDYIMYMCSNNDFDFFKSKTTKSKWKVKRATKHAQSTGSNGHSYVNA
GCA_015644885.1_00027	1	{'hypothetical protein': 1}	MVIVMSTLNLIMCAVMFALSFALMFLGVIIFIHFQTWIGLAIAIVGGLIFFKDLHYG
GCA_015644885.1_00028	1	{'hypothetical protein': 1}	MDNSKIINISSFKYHHQLGGFYSCKLPNKTKAIKSKCPRDLRIKIESLGYIVNC
GCA_015644885.1_00029	3	{'hypothetical protein': 3}	MNKKDLPFTKSKKLLNLDNNAKTIKGQKLNYKTAILYLASWKNSGFNTCSSASKGCRLACLYKAGHGIFNNVQQGRINKTRWFFIERESFLKQLIKEINLFIINCKKTGFIPCIRLNGTSDIPWELYGIFEQFPEVQFYDYSKSYKRALKFVKGQMPKNYHLTYSLCEDNKKEAFNILKLGGNISAVFRKYIPESFKNYNVINADETDLRFLDKVKNQVGGLICGLIAKGPAKKDFSGFVLDAQ
GCA_015644885.1_00030	1	{'hypothetical protein': 1}	MTLNQIIKITETVTGRKTPCNITSFLDNEYYYSQSKGVNIKIGEMDLFYYINSTNKEFRELDANKNALNKLREVKNILGPIA
GCA_015644885.1_00032	1	{'superinfection exclusion protein': 1}	MAKVMDALGDMFTEDIFQLLLDRKYKAAKAMMKTLGMKKVHIDKMIADSKKITTLH
GCA_015644885.1_00033	1	{'hypothetical protein': 1}	VQQVNVLQCHVVIRRNGLQTLTMTHPQSTKKQGVNMRINFILCQLFIEKWESWSKIKVSRENGEIILDIAYWRVYLR
GCA_015644895.1_00017	2	{'MoaE-like protein': 1, 'hypothetical protein': 1}	MDIAQINFPINDNDGVKLKAPLLIQKELCSQFGGCTAYDGAGSWINDNGKLYAEPVKIIQTAFKNNAKNRLFLKNLVKKYGKLSRQEAVYLSINNKADIINIK
GCA_015644895.1_00018	1	{'hypothetical protein': 1}	MSLQKHYLRSTKNLYSCVSNGVTVYYSYVTPVSIKDPFGVLHVCENVWSVTTGRHLTWIDGGTPEAKKKRLSYGDFQKLKDIYGVEREYWLNSSYIKPKTDTVPDIIKFDEMLPDSLQLLKI
GCA_015644895.1_00021	1	{'hypothetical protein': 1}	MYISKYDVQVIGEKYNEKKDKYEGGYTLVRLNSDEGAQFKKLIPLIAELHETHDGMEIEVNVTIKQRTYE
GCA_015644895.1_00022	1	{'mucin-19 like protein': 1}	MLGDVIECQECKNRFFDTRTWDEIEKKLCLFCNNQDKYKTIVLGEEQLKNCNCNECKTILNQLKKDKHD
GCA_015644895.1_00024	2	{'mucin-22 like protein': 1, 'hypothetical protein': 1}	MTDKEQIQHLIDKNNKLEAELITLKIKSKGWLEDLQNTKVILMARNVDLKTRKEIHVNWELKKKIILFLQKTQSLEAYDALTPNQIAHRAATFIEKILGSKQPPLLAIINEVQVTTREPD
GCA_015709755.1_00051	2	{'hypothetical protein': 2}	MTMQMNTITYYPLSMVAGKNGDYEHAVYITGRHCLFHNNGKAVSRIIKKAAGWLEYVVYNGERYYVDDACTLR
GCA_015709755.1_00053	9	{'hypothetical protein': 9}	MKDWKACVGIVEALAIDFADLEIRVYANCIKENKRASRMPARKRKVLYGKHKLPWSFIHDCYVCHKQGGFL
GCA_016455525.1_00003	2	{'hypothetical protein': 2}	MVNTNLEPITMKTLNSPNIVHNFDSGCMYMSTSEASFHKFLELKDEYLAHVWYRFKTYPMPLKASDVMTPHEIDQIGVYKRAWEASTIPARFQK
GCA_016600835.1_00003	1	{'hypothetical protein': 1}	MASIINMVSKAAADMSVTENAVCVRFYGINEGCDFWIDADEIGDAGGLRVWLETYTELSISEVDEILERDYLVIGHEGELVGQCVEGEVFDWELYNEARELVDNYYSEEVVIAAMKLGITLERLEDSYSGSFDSDEEFAQEMWENYGYLDNLPDHMQSYIDWEKVARDLMFEYVEQDGHYFNNNW
GCA_016600835.1_00006	1	{'hypothetical protein': 1}	MKFTLTNVWDLFITITAVLLIILSGIPVTKHNWTRNDWINT
GCA_016600895.1_00003	2	{'hypothetical protein': 2}	MKDFIKFIVAVALLFCVIFTVNMLYYEHTGEFLDSLLRSSNGSQGNFALTFAIVVTGGFFLYMVIAVWWDEHKGFNSKKRNKEGE
GCA_016600895.1_00005	3	{'hypothetical protein': 3}	MSTFNQELKRFTSNRHIFVIPREDLTKLFGMQDEGSFKCDCSGIDDLAYITIINPHSGFHMQNTLFDYGIRFDNYECTPVRYSLGWGFDHD
GCA_016600895.1_00009	1	{'hypothetical protein': 1}	MSNYETMKSKLENTLSNNKFAIVERLGKYHAIKLTGYDTTECYSLEENTLSPTGKSWVECDSLYTWALWNANFIKYVDKLNHSL
GCA_021351865.1_00056	1	{'hypothetical protein': 1}	MPGIVVSPVGEEDERDTTTRPTYGYLGAFISAYHSVIDGHTWACPTRWTYLDCDKYHIVHQIVVDRVFLLIHTAITGKQVARLTGLQGGELAVMPG
GCA_021355615.1_00002	2	{'hypothetical protein': 2}	MVMTMRKKMMSNDKQTVTIYGVVVTEDDCYSYDGTTSSLLEPLYSSREDAEEALKSLVAGYYRYGQLHIEEYTLRT
GCA_021355615.1_00005	4	{'hypothetical protein': 4}	MEIVQTESLIKAWRKHHELDLKLIREGTHPKVYLLSRAEMRLVRDSMKEAALSNPLVWESAMNTLRDIYWINYHGYRTEIREIPQADKPLSYWSGLSIISHIRKTYPEVLTEELKEAIMWNKELEKQPPNGSVIAVKRDGHKRRGFIRRLFSIW
GCA_021355615.1_00006	1	{'hypothetical protein': 1}	MSKTNERYDANGFFKADTFGGRSGAVQYYLNSDDMAAIDDDVFFEQIPPYGYQFFVPEVVSRVNKHRMELRAAAMAVYGD
GCA_021378495.1_00043	1	{'protein kinase': 1}	MTFTEAQAALEAIRNLPIERMNERQPMLVALVAAIVNSETQEGATDSG
GCA_021378495.1_00047	49	{'hypothetical protein': 45, 'putative 0.6A protein': 1, 'gp0.45': 2, 'putative transmembrane protein': 1}	VHALETNKASASVYLMEQLYGSYVMSKLLATSKIEGQCTVTLREYYHGSMGSTYVVRYGKQVTHWVNPILAQEDYQACVIHQTTCAGWND
GCA_021863795.1_00008	74	{'hypothetical protein': 67, 'hypotheticla protein': 1, 'putative andolysin': 1, 'late transcription factor VLTF-4': 1, 'endolysin': 1, '6': 1, 'andolysin': 1, 'gp7': 1}	MTTNTSVITQEAGETVSIMSFREEVALEIRSHLDNIGQSYLAVGKALNDAREDFDKQQEFLDWVAEEFGIQKAQTYKLMKVGKVFGTDERFAGVAMRVLSVLAAHVDDNAVMERAADAAQAGELDSQKLTAILAPAKLAPAAPASKPTTPAPENSATPTASTSTPENAVNVDGPHDVVIEGEFVPATPAAPVAPVTSIVDTATNERERALLSQLETLKKVIEQMQAENRRRDTERDSKVKAAPMLPQFKSKCLYARLGLSLEEAQDAKKVKKAQRELVKLGYGEGHEAWAAISEAVAALTTTGE
GCA_021863865.1_00001	1	{'hypothetical protein': 1}	MKAYTTYDKSTGSITDTDHGLTLQGVSYITDWTDEEFDKISELAVGECIEVDGVGCIRTK
GCA_021863865.1_00002	1	{'hypothetical protein': 1}	MTLTAVIEEFNPELSCQQPASINSCYTHTVVVWCDKKSIFADLVDIVDFRNEFAARTFEEAINMGLVV
GCA_021863865.1_00003	1	{'hypothetical protein': 1}	MSIIYLVLTLCSPVTHDCDAYVMDTYGPEEVSKCEEVIMASGQRGAFPLRCEFEEK
GCA_021863865.1_00004	1	{'hypothetical protein': 1}	VVSVVRFHYAVSLRRNKMKYQIQYRVNGAWVNGNTFSTHKGAEAYARQTRKDYQIKKIKK
GCA_021863865.1_00005	4	{'hypothetical protein': 4}	MAQAIVTKFFGATNNKGARIRISSWLGNKYYSYNYSSNTPHTEAFNQWLKEANEQLCSKYGPDAQFKLASDTYGVSMPDDSGYCFIIE
GCA_021863865.1_00006	1	{'hypothetical protein': 1}	MYELISWGLCAVGVVLWVWVEVKFKGDSNDD
GCA_021863865.1_00008	1	{'hypothetical protein': 1}	MSIKSVLAADSRFQVAMQRARALEAAKGRCKLYSEEWYSLRDMLDEQHKIISSCTAATGEASGMNYTSDGDFCHLAAVGSVSLYRGATYA
GCA_021863865.1_00010	1	{'hypothetical protein': 1}	MKIFKSDTFEHIIKYYRWDSNGWFYWSIRHMVWKPSAQSAAWRREHLKLIGNNYRQK
GCA_021870105.1_00001	3	{'protein kinase': 2, 'Protein kinase 0.7': 1}	MAMSNMTYNNVFDHAYEMLKENIRYDDIRDTDDLHDAIHMAADNAVPHYYADIFSVMASEGIDLEFEDSDLMPDTKDVIRILQARIYEQLTIDLWEDAEDLLNEYLEEVEEVARQKEIDRAKARKERHEGRLEARRFKRRNRKARKAHKAKRERMLAAWRWAERQERRNHEVAVDVLGRTNNAMLRVNMSSGDFKALEERIALHWRNADRMAIANGLTLNIDKQLDAMLMG
GCA_022211075.1_00004	1	{'hypothetical protein': 1}	MKDSKGNYPFDYVCNALVIIGIIIGIILPFLGK
GCA_022213585.1_00042	10	{'hypothetical protein': 10}	MQRIPRRLGKTDRAIMDAKTFAIQQTMKAHTEGKAAVMGACYGAQRTELQKSIQIRLETPGYRGAQYFTERGDFTHLAGRGV
GCA_022213585.1_00045	1	{'hypothetical protein': 1}	VSILNPPANVVLIIQRQVTTDDVTTGRAKPNVRLGRVWVDCSNGRLKGYSADEEAACIEDLQVMSEKFPEHNYRVLRTVEYVKPQKAALKAR
GCA_022213585.1_00046	9	{'hypothetical protein': 8, 'virion structural protein': 1}	MPKPNKYQGNGSKKPEGTVEGAYVMNKGRMVPMFRATGDSIKRGINAYKAYKKGTKNMLKAIGYVAMVCLCVAFVLALAGCQVNVVNVIHSDIGLDTSSQTVNEGGRL
GCA_022213585.1_00048	1	{'hypothetical protein': 1}	MQVSISKLTIAAMTAVTMPLTSAEDITTYHGLSHASVDVGSDFSVGKWQNWQGNYWVLEHRTGIIFYSDSLKGVREWIKLCRDALSEQRKEAYEALNYKQKAIWDLAVQMTAEGFDVWLAEQGHYGHFTDSTGERTVSFQYDLSGIRYFGNYTSKHYGTGWGLEGGTFRQMLDAMPPHWATKGEAVRMTTLKEQNERYASSKHTKFLP
GCA_022401895.1_00043	1	{'hypothetical protein': 1}	MAKTKAVLKALATNRATYRFLAAVLLTAGVTAGSQWVGWVETLVCSLVSQCN
GCA_022401895.1_00045	1	{'Spanin%2C inner membrane subunit': 1}	MLEFLKRAAPWLLAAVMFAGGYHTANNKWEAKVNAEYTSNLKASEDTRLAVQAEVSKVSKRFQDEMSSLEGSTDRIIADLQSDNKRLRIRVKPTSGTTQSDGRCVIDGYAELDERDAKRLIAIGLKGDKWIKALQDTVRALQQDKEVTH
GCA_022401895.1_00046	1	{'hypothetical protein': 1}	MTQMDLEKFLLMLDTERARLMLQDLRDDSKRSPQLYNAIEKLLARHNFVLSKVSVDEKTLADMEALNAEYDKVLSATEDNDTGYGVQ
GCA_022401895.1_00047	2	{'hypothetical protein': 2}	MIELDFKNEVLKASPIVGTAAADGASRFFFGLTLNEWFYVAAIAYTVVQIGVLVYKTIKGGGKT
GCA_022401895.1_00048	1	{'hypothetical protein': 1}	MGFKRYVADIVVDNVIATNCGNGITFEGFESETQGMNPANITMSNIRLRDIGFGYRSVRAAERAISFNYASGIRINNLSVQNCSGVGIYFGANTNTGIFINGANLTGYASNPQIATSGVPNNDGIQCNGASGFELVNVNLEGFARYAAYFLNCSNGSVVGGRWSNTQASGYSAYNGARVNAGCSFTKFSPEFISGISGTDLEWFNGARGITKDFILNNAIGPAKYGYQVVSGPTPVATVIPRFIGQEVWSDSANSWWKSHGLTSSDWKQISN
GCA_016653735.1_00005	1	{'Protein kinase 0.7': 1}	MNYTDMQARLDVIRNLPICELDKRQPLLVALMVDIVNYETSDGDDTDSDWGLERQDYWQTLKIKAKDAGFNLLGNGHFSAAFKHELLPGRVIKVGFKKEDSGGRIRGFLPNAPRTGRDS
GCA_016653735.1_00006	1	{'Protein kinase 0.7': 1}	VAFCRMHQGRVGIPNVYHVARHAGCYTVVLDELEPCKRHANETHEHYADLANYFVENSGAELGDVDGAEKELPFVETCQMIHKFFYGIASFDMHSGNIMFTKDGKPVITDPVSFSADKDREPFSLEPEELLAEIEQIAHDKMIERCKRNKAKRDRDSTLCRARRANNKARRNRAKHAARWRKEREKRDAEILKEGLAKIEARVLAWQIGPGLAIQQGKPLPIDNYLQGRLMG
GCA_016653745.1_00052	1	{'hypothetical protein': 1}	MPKALFSRMGAVMNEVRQLQDEKALMSVQTFEVFLVIASKDGIPSSEIRKITGIPQPSVSRALGDLGEKAVRRDAEGLKLIKTERDPNDMRNVVCFLTPKGKLLAARIAQLMGIDDTKVGESFERNAL
GCA_017903885.1_00034	2	{'hypothetical protein': 2}	MFKFVKEMLFWLGVVIIPIAVSSEIIMALEERFGPIHQFYKGLPLFLLLYVFYLTDKRNTKKHRESKCLD
GCA_018215425.1_00002	20	{'hypothetical protein': 20}	MKIIAMNEALGLIWYTAKDYKNSTKHVIIYGLSKTEWDSREEAQDEFNICLNHAFNCQ
GCA_018726495.1_00002	3	{'hypothetical protein': 3}	MYVIKEAGRIIHREESASKAHDWAKDLRSNQGRMVTVEYVLVPPTPKDSPEVIVNEWRTLGGYTLSSHLKARITRDTRSDTAYLTIVSTIHEEKEHTATFTWSSSSYHDAAILADKQAMTWFLRAFGPTSLH
GCA_018726495.1_00005	3	{'protein kinase': 2, 'protein kinase%3B inhibitor of host transcription%3B positively regulates RNaseIII%3B negatively on RNaseE': 1}	MSQHIDMGKVTEKHREAVKEAIEAFKSNPTADRFGYLMQQLALSYRVFKILHAKPIVNQWTLKS
GCA_025085795.1_00003	10	{'hypothetical protein': 10}	MKEGQIIIYRLYGSTWKGKISQVYTSAMGHQCIELTDGLRLKVSDVEAVL
GCA_025085795.1_00008	2	{'hypothetical protein': 2}	MIKKSQHEDNVKLRDLARSRGDKYYEATRPCKHGHLIRRVSDNRCDACGKAKDKRAKEKMLSTPEGKAKHSKWCTDYQVSRYKEDPEYRRTMKLRARLNYHKAAVVKLTKELEG
GCA_025085855.1_00003	9	{'hypothetical protein': 9}	MKRYAIHIPGWCYSMTCYGYNERDARSRFRDQHGFGKRLPNGTEVWEVSV
GCA_025085855.1_00005	1	{'hypothetical protein': 1}	MINIMIEDESMGYEDTKNLIILCIAIPAAINFVYEVWIKK
GCA_025630455.1_00048	2	{'hypothetical protein': 1, 'gp6': 1}	MKALTFMSCIVLAGVVLFSAIGDRIGWSNTCYSENFHTKNLMFNGVTLYSTFESHKDNPLHK
GCA_025630455.1_00051	2	{'hypothetical protein': 2}	MLKFEVFTSDNRDAAMIAEMFDGDITAYNVGCDEEAFVVTFVSRLSHKRVVNQVMPFSFEEVISSEF
GCA_025630455.1_00053	1	{'hypothetical protein': 1}	MKHLLVEEFERRREEWNERLDRVSPAFYHRSTNYTAEV
GCA_025630455.1_00056	1	{'hypothetical protein': 1}	MIQRLGSSLVKMPNGLTLTEWLQPANIIKVDDAPYNGDLIAAYKAIPVTGNYALVLTNHTYNAVGLFDAGRNTKPNITIIGAGMPVLADDKASFVTGSGTIIKGAIKNSAKGFHIANLGIDCGNTVSRTDYQPARFEDPLQIYGCGGNANIFIDKVKCLSAVSVEERPGTHSILLEQTEGVTLGYVECIGGFHGLTIKCRNLRGGIAHCYGQYGDGFIIKSDSGGAASHIYMERIQVGHPDQSMWHDVHLGGIYDAHDGVTIDSVSIGELHVVRGSWGLIPADNATGSITNFHIGHYECHLTYGNYYSLVINNKVVGWTIGTHNITTCSGGIKVDPASVYVNIGSGRSTNNTESGYSLGGNTLIHGELIADANGKYGVEYTGGLGLDVSKIHGFQNPLGTYSGYSSAIQSLLWTDSGFEAMVTGRTVTLRGSLTKGTTAWCGQVLDAVKPKRDIRIYAWAIGLGGSMVPVEAWVRSANGAIDVVGKDSVGEGQIVSFTGSYIFK
GCA_025630455.1_00057	1	{'Tail spike protein': 1}	MAPEDDRPGDLPVSQYPMHQLPNNHMVDNILVMNSLGVGLGMDGRDGYVSNVTVQDCAGAGMLAHTFNRTFSNITVIDCNYMNFDSDQIIIIGDCIVNGIRAAGIKPQPSKGMVISAPNSTLSGVVGNVPPDRILAGNILDPVLGHSLVNSFNGDTAELSFRIHKLTKSLNSGAVRSTLNGSPGSGSAWTEVTAISGSAPDAVSLKINRGDFKTTEIPVSHTVLPDEAVRDNGSIAMYFDNDALWALVKKPNGTLTRMRLAQ
GCA_026273205.1_00001	1	{'hypothetical protein': 1}	MDKITIDKLTYYLLWAGCITNVTGCILGLFMK
GCA_026273205.1_00002	1	{'hypothetical protein': 1}	MIWIHTYGVGPFKKKVLRKIHESEESALASQKVLGGTVQCYMKKPQGFDLV
GCA_026273205.1_00004	1	{'hypothetical protein': 1}	MALTKATQVNNGTGDLVVINSIAAVYGLPVNLGSEWKEGETLHLNDWRLYQGQVWMPNIDGVVCGASPTYDSFHKTYPWLASDEVALSGFGHVEDLETDCTDALERAINHARIEWKCVVDDIPARKSVTRKMPQMNSAFQSVRLRGLNRKRCILAPNVDYVFSWSGGSGQVFGECITDISILAEEFSPFLVKGFGGLEIARCNITANIAAYLSNDIGSGTFTEFFRFNDCDIRCNKIFVFKRGKGDDSFHGCGWNDGCIINVRRDSDCMVELGDNDSGKQIRWYNGKIGGSIFHGGTNAVFVRQNTNVVTNVVSLAGDVKFELNSLLKFSDSGVVSHAGTITALGGRFTWGKALPVLKRDVMVDGSSHYTTSVQYRTLTYEKGSIPQEIPLDVNISGNGSLLMVSVTASNYEQQQLLHAVGKISGSISPTITMLSKGRDFNTAGYGAFTAKWSNDKFVIANSGWTAANKLVVRIQVLPSTRFVSNEPVEW
GCA_026273205.1_00005	1	{'hypothetical protein': 1}	MALTRLSSALVRFKSKLTNAVQRALQDKLDEVVSVKDFGAKGDGVTDDTAAIQAAIDALYRKGGGTLFFPYTASFYKTTASLKLRPKVSLKGDDSRPLIRNTNMDAADMLKSSVLTPGNFHPSFTSAAKYYDCGTVQRGNSVTTTVDHPIAVGDQVFVASNATGTAAGFSIPQFGFINIVTKVEGRTIWLREPIDESFAGRIMRCADNAGRGGEPLFFYQDAKVQSLSFKSDAFRINSDSATLRVTWEDVTFYSKSALYGNTYQHSKWERCTFYFWETIGEQSHNSYMTHTVDCDFMFWGDADNVAAQSSIGGISIQEFARYIKYSDCTIEMGSRIKNQPVLRTIDARHVEFSNLRIKVTSPDYLTSSLIVFAGSGQEGWGASANLADGLDVYAYQTGRFVQIAGRGRSDNTSSGIRNSKFHGNANVNDAIWFDNVQSSFFTDNVVGSKALAITGGSSLNTIEGNYLEGGFVAQSGADESSFQRNYIRDNKSKATLYKQALRRCLATSVSVTAGSTVKVVDASLGENTIVYRDHITIRMVINATAASGDSTVAVKVNGTSAGSVLLPSGVTGRQLVEFDLYFKGDAKRSTWRRYISDAQGGSVFANDQSFNVVTSGANTLEVSVTAGAGATLQVYSCEVDIVNPYF
GCA_026273205.1_00006	1	{'hypothetical protein': 1}	MKFLKSKKVVGALLGLVAAGLSVGAGIDVGELSGVATEVVCQAVGCQ
GCA_026273205.1_00007	1	{'hypothetical protein': 1}	MLNKYFKRSEFACRCGCGTSTVDAELLQVVTDVREHFGMPVIVNSGHRCAKHNANVGGAKNSVHMTGKAADIRVKGLAPSQVAFYLEQKYPNKYGIGRYANFTHIDVRDGKARWNG
GCA_026273205.1_00008	1	{'hypothetical protein': 1}	MALGITGQRQKNKLATVAIDTLPTVTAPEVLKADSLLNRRDLSGKTEGAMVVVLEGPNKGLYIALDDKRDGHWMYLHGVTTEGEASRDTVREIDDMVDVELGGAFYSHFSLADARIDTKVIETPVLLLDGTYAYRCRMTFDFNCTRLSSSTDTEISFTLNLVGETGIAGQYYPVDHATFTAWVNSGVVFGHIDSKSATTNNVPVRIHIAEGTGTSFNFSFSLEWTSTDQIAEG
GCA_026273205.1_00009	1	{'hypothetical protein': 1}	MAKYGDASTVTGGAFRVKAVQTVATALPLPIVSEVDIKSLKAPVNMAKLSGKQKGAMVCVDKGGDDLYIAIATGSEPADPWFKLANDSLKVTPV
GCA_003143435.2_00049	9	{'hypothetical protein': 5, 'SAM-dependent methyltransferase': 4}	MNINVIASAFRQDATEAQNAINTVAAFQVLQSRSSAAVTMVTGSWKEEGQQAAAVEASMIGTVPSGYLMGIMQYFLIYAKQDAVLTVNPETNEAFLNSLNAESGLLEQQHIGTWQQTTEAEALSHECYTKIGQTYWVVA
GCA_005145125.1_00040	18	{'hypothetical protein': 17, 'serine-threonine kinase': 1}	MSQRTDMKHIRAALHVMAYGASDALTKRILTNHRKMTARQAAAAVKWARLTLLSYQ
GCA_005280775.1_00002	1	{'hypothetical protein': 1}	MVTYYVYVNQMEYFEADTLEEAIRLCDSVPGSHVEDSVLDEVIYANR
GCA_005892125.1_00003	8	{'hypothetical protein': 8}	MKGLICVERMVNGKLEILPLENQSSFKEWYGCFSLI
GCA_005892125.1_00006	1	{'hypothetical protein': 1}	MKYILIAMFSGFIGYAGASYDNYRSKQLAAEKWDKTYFACMKQGNLMQDCILKAHSEE
GCA_005892605.1_00005	54	{'hypothetical protein': 53, 'gp0.38': 1}	MSKSYGINLVHAFDADLNLLSALATGYRHGTSSHTIRQQQERDRVLQARLRAEGHKSELMCLAYGGRPITDDGKLLVSGWTVIDQRSTIKHTTHGDFSHLHANPLICKQF
GCA_005892785.1_00005	1	{'hypothetical protein': 1}	MFKHEVFISDNREAAMIAEMFKGHVTAYNIGDDEEAFCRYLC
GCA_006384715.1_00001	1	{'hypothetical protein': 1}	MQLTINDYLIDKARAELTLYMILEAHRLQKELGFGYVESDTAPGKFNLLKAAFAHSLRTCEPLPVYAGGSDNTIYTSKEGNWAFRFCHDVAHVLLNAGFGSADEAKVSKYQADRVAKHFGKGSLEHRLFVADTLGQVAYYAVHNDFPENQLAFVRSMLTRH
GCA_006384715.1_00002	1	{'hypothetical protein': 1}	MTKKHFQALADEIACISDDTARLAAARAVARACARFNPAFDKARFYAACNVAI
GCA_006384715.1_00003	1	{'hypothetical protein': 1}	MHIIAQQIIEGQYTVTLLDRGDGCKPRYQVRYGVEEKDFSGLGQAQRHYKGCRTHQQECAGWIN
GCA_006384715.1_00004	1	{'hypothetical protein': 1}	MKTVVEFGEIGGRWAKHVCPTQKAGEQLATSLCYVLGIGHGLKVKRGQPRQSIQDSKHYVSLSLLDGAMRGDDAAAWRKNT
GCA_006384715.1_00005	1	{'hypothetical protein': 1}	MSNSQTLLHVPSLIEQVGTGEDTHGLIGKTVRVVYDPMEGTPEVLRQLFNAPPDLTGETGTVFHISEEGEVWADFGDNPLVQPTGPEQVRVVGLGLVGGSDGDPQIFEVVE
GCA_006384715.1_00006	1	{'hypothetical protein': 1}	MNTTVKVPFGHVFVLACGALGIRDENVAVCLTKYIPKEEALAVKDADDVIRLIVKAITLHVEAGLAHNRAAGKVVPLVDPEPHVSEIYAAIEADMAVQKAATKSRDPLIFMPGNDTLN
GCA_006384715.1_00008	1	{'hypothetical protein': 1}	MWSYCVQFVDELGQVLKSTFVSASSPHHAKREALRGGVVPDDCVDIEVTRLS
GCA_006384715.1_00009	1	{'hypothetical protein': 1}	MKVQIFNGPEKEEKVVRLALKDHYRDGVALVAVDERGEEVLQGYILIVKKDGTVTLCSGLNREIGLQVESNGRVKTN
GCA_006384715.1_00010	1	{'hypothetical protein': 1}	MKRTVQMKKGNVHRRNSVASVPRNEPYPRPVRRVLKAMKRTPVTMPKWAVTSNLLDWMLYRAGVYQADVPEGAA
GCA_006384715.1_00011	1	{'hypothetical protein': 1}	MKVKYSVGVHMDETVFVTYEGEALTPEEALTAVATLTGKAKSVEESAPVVTEARPKVGDRVVAVKDSRDNGKYGDNFFSKGDIGTVIEDDESDLPFLIKWDHAESWAREDEVKVIAAEAKAEAPAPGLLPVGTKVRATAEDNTLGVDEGDEGVIVEVDEDDEAIPYLVQFDVAGDGMLLWMHPSEIEKVNLELRDGARIRIVAPWITGGGYQKGDEFTVTGMGASGGAYIIDNRGDHNFVAGHEFVVIG
GCA_006384715.1_00012	1	{'hypothetical protein': 1}	MTVVVPCSECGGKGHLPTTYGTKRCPVCEGKGYRTNTEYKPPEVPRKPQGAAPWLQLELPVVAEEQQRRKAAEKALRMVRGRLQKIIATVKG
GCA_006516715.1_00001	1	{'hypothetical protein': 1}	MKIYMNKQDLRKTILDKINKAKNVYVHNGFTEFYFKTIKSDILYHFRKTYKEANYKGNQAHLLEWLNDFNDRATLNDDGDLMFD
GCA_006516715.1_00002	3	{'hypothetical protein': 2, 'Sel1 repeat family protein': 1}	MKYNHTIQKILTQHHADKFKNKVSKEEHFKNYAKETDKNKKIEMLRKASQEGWI
GCA_006516715.1_00004	1	{'hypothetical protein': 1}	MSKKQIDQKSLYVEKSGDKEIYYSYNTTVAVKTPIDTYVCENVWSMTTAKHLNRIEELTGSDREYRMRYSDFRQFCRNNNVNKHYI
GCA_006516715.1_00005	1	{'hypothetical protein': 1}	MNLSNLRGVTIQKNVALSIIKAHGCECELSDFYKNLGNKQTYSAIKLYHWLGY
GCA_006516715.1_00006	2	{'hypothetical protein': 1, 'histone acetyltransferase type B catalytic subunit': 1}	MNMLFKIIYNYLHEKMLADEQAFRNKRLAVRMKLNNGYSKAGH
GCA_006516715.1_00007	2	{'hypothetical protein': 2}	MPNIVVSNFINERWVDRLYQNFNKSVYLLKPDGTVDPCKVKKVKSKYYLTSTGKWFNSSGMRIDEPAGLDKRAELSKFHSELEKAEIDAKFQKLKQTITKGH
GCA_006516715.1_00008	2	{'hypothetical protein': 1, 'cor repressor': 1}	MYIEMSNLKITEVEVKNGERKKGKWVDYKKPIEVPKVVFEDSYTNLMDVASEIRHAAQRSPQNKIIVTFEVNADW
GCA_006516715.1_00009	2	{'hypothetical protein': 1, 'mucin-22 like protein': 1}	MIELILELPFEGHVLILGTIIASIIYAMRTPKKEPSINPFEQTTQLTDKQIKALEEHNDR
GCA_006516735.1_00001	1	{'hypothetical protein': 1}	MPKYVQIKEDRNDLFVTGSVNRDFKNLREFYSKNVDTFVKAYDACVKLFKLDGSQKFFIRNIRGNTVGFYRNRSKEVAVEIRSKNIKSIVSTIIHECRHAYQYQTGMLKSDPKKLHYSIWTAMDTKITRAADGSVDELVASKKAQSIRRYSPSQNHKKYMALPWEVDAREAEKKYIDKIMKEIS
GCA_006516735.1_00002	1	{'hypothetical protein': 1}	VNYQINEKLSDAKSGNYLVKVTNIGEKRRSNFCSYEFFVDVTFQVVDLNNAKRKTGVIVPGFGPKPIELNVNLKLCPSAYYDWEDFNESLFDKLLKKQKSINEEGYYKKEAV
GCA_006516735.1_00003	1	{'hypothetical protein': 1}	MNNIKTVELNIVSKRIDKNLLKYRFFGHTINKEEFKFNVKAYDYKAAVADLFKMLNPNYIWLLNCEMPGKHYPNNYKIGSTRSIDLTKYKDKN
GCA_006516735.1_00004	1	{'hypothetical protein': 1}	MNYGSNIMKLLLSNAHAGLLLLLVNKHVSSTQSLLNNNFKTNVQCVLRQGSKLSEKTALMLSCLLNYTLVDLLHYER
GCA_006516735.1_00005	1	{'hypothetical protein': 1}	METLKTIGSIIGVIATIGFFWAAIWILCLANDACYYSNFGGL
GCA_006516735.1_00006	1	{'hypothetical protein': 1}	MAEFNEAIGFVHSSNKARMHEKKKQERSEKICDDCKGNHYLKTNDGHVNCPSCVCNSFFSGSFTKTD
GCA_006516735.1_00007	1	{'hypothetical protein': 1}	MCELLILGKFSNKFTYHLTQKEKSDELIELKKLVSSFEGEYILRKGVLCSKYHGAAVIKFKNEDVANGFIDACHISDYLSETQIYKLCEVKTLENRFKNISKKIKVTEVTTNT
GCA_022544615.1_00003	2	{'hypothetical protein': 2}	MAKRKIYVAMLNQSINGVLHEARVYFDSDFDEYTTRFYHSDVLQADQDYFTDDRDDAIGTARKALFDIGQQQAAVCTVYGQI
GCA_023078915.1_00001	1	{'hypothetical protein': 1}	MGWIILVVVVLSAACTIGMLAIAVVWLVWLGLTGKLVSPYHNQHLVMVHLLKQMEDK
GCA_023078915.1_00002	1	{'hypothetical protein': 1}	MKTLKQVWLERLEVRDAAKAAMTRAYDAKKPVGGLYAAYKVAEAAEFEAFLAHINE
GCA_023078915.1_00003	1	{'hypothetical protein': 1}	MSTYNGHKNWTHWNVALWLFNDYGLYQLVSRYLRCYTKDRAAKRLLEELNDMGLTETPDGAKYSYTAIRAAMVGE
GCA_023078915.1_00004	1	{'hypothetical protein': 1}	MNQLLELGALLRAGTDLQVVASLQQVEGPASFDNAKAVMINHGWKLSYLGDKLEAKDPDGRTYKI
GCA_023078915.1_00005	1	{'hypothetical protein': 1}	VSKGCVLAAQEVGRRMQREQDLKYQLINHLLITEPNLSSHEVAERVKGTVARGRDTFRELGLEGF
GCA_023078915.1_00006	2	{'hypothetical protein': 2}	MNYLLIAKAIAAGYSIKLSEIGDKYQVDYGADSQLFDRFTDATQAFKQALDHAGELEGLTDEEDMEQS
GCA_023078915.1_00007	1	{'hypothetical protein': 1}	MNHTREWAIARMKDGKRVTHHNFTPNEYLHMQGNSVMTEDGYRFDDILHGTSWMANGWSIHKSSN
GCA_023078915.1_00008	2	{'hypothetical protein': 2}	MYQAIQVKYLPCTNTLGTRVKATAAAGSVTLAYDYALGVGQNAEAAMLELVNKFGLDEYPATWQGGVLPSGDYVFVRLPEGAKK
GCA_023078915.1_00009	1	{'hypothetical protein': 1}	MNEYQKALYAISQRELYLLVAAEQAKGLTFKPSDFHNLSCKPMRVKR
GCA_023078915.1_00010	1	{'hypothetical protein': 1}	MTVYLVKEHAYNGGYVLAAYFDKDKATKHRDEYNSTSVGQYDKADIEELEVTP
GCA_023078915.1_00011	2	{'hypothetical protein': 2}	MSNRKLASHWLRVAEAYRQCAVSLLSRGPATYPNHMGALNAMSRAEESRDVAISYM
GCA_023078915.1_00013	1	{'hypothetical protein': 1}	MHGAVNPRAHYQLPKRFRIICPDCGAAGASNGPCYCHECNYAVMMLPAYNDRVVGNWVEVTKEMSK
GCA_023078915.1_00014	1	{'hypothetical protein': 1}	MSKRKSVTNSLGDEIVYGVTKGQVKRQYRYILRRKGTRGSSWFGPGGRH
GCF_003575425.1_00004	1	{'hypothetical protein': 1}	MVKYKSCWMADKSLKESIGAYGKVRTSGKSKVYYGLTQSSLKVARSLMEREVLSHDEALNRLQTVYNNFKSILS
GCF_003575725.1_00002	2	{'hypothetical protein': 2}	MIRLYRSKYSEAYYTLEGNTLTRITYGFRQIRHTHPKIDHAACLAIGLVLVGNNFKGHYFNDSN
GCF_003601515.1_00003	2	{'hypothetical protein': 2}	MIAYKIFRIRKDGTLGALFINRKAVIEVGEWYEAESHPTKGFAYRPGWHCTFEQNAPHLKLDLKSGERRAWFKVEVENITTYDRPESQGGAWVLAQRLRVLAQVSE
GCF_003601515.1_00006	6	{'hypothetical protein': 6}	MCKTCAKCGETKSLDQFGSNKRNKDGLDYRCKTCRKQDAQDRRQKAREAGTYKTSKAEENRKLRYGLDLEEYESLLQQQGGVCAICKGQCPTGWRLAVDHSHETGKVRGLLCLQCNTALGQFKDSPELLANAIKYLQENQ
GCF_003991785.1_00020	1	{'hypothetical protein': 1}	MAINMRYCRVRNVRDAVQELVSQLAYSTGLSADEMAAVGSLMDSCDELRSLLEDCYEE
GCF_003991785.1_00021	1	{'hypothetical protein': 1}	MWTIALLTALGVFFTENDFWYCFGVAVACRFLAGFMVAVLRDLFS
