GCA_006964805.1_00023	1	{'hypothetical protein': 1}
GCA_006964805.1_00030	4	{'hypothetical protein': 3, 'N4-like RNA polymerase': 1}
GCA_007051245.1_00041	1	{'putative endo-N-neuraminidase': 1}
GCA_008215485.1_00004	1	{'hypothetical protein': 1}
GCA_008215505.1_00029	7	{'hypothetical protein': 6, 'DNA ligase': 1}
GCA_008215585.1_00051	10	{'hypothetical protein': 10}
GCA_008215605.1_00026	10	{'hypothetical protein': 10}
GCA_008215605.1_00027	18	{'hypothetical protein': 18}
GCA_008215665.1_00001	8	{'hypothetical protein': 7, 'alpha%2Calpha-trehalase': 1}
GCA_008215805.1_00037	3	{'putative DNA endonuclease VII': 2, 'hypothetical protein': 1}
GCA_014070475.1_00018	1	{'hypothetical protein': 1}
GCA_014070475.1_00020	1	{'hypothetical protein': 1}
GCA_014070475.1_00021	2	{'hypothetical protein': 2}
GCA_014070475.1_00023	2	{'hypothetical protein': 2}
GCA_014070475.1_00024	2	{'hypothetical protein': 2}
GCA_014070475.1_00026	2	{'nucleotide pyrophosphohydrolase domain protein': 1, 'endonuclease VII': 1}
GCA_014071195.1_00021	2	{'hypothetical protein': 2}
GCA_014071195.1_00028	2	{'hypothetical protein': 2}
GCA_014183355.1_00001	176	{'hypothetical protein': 165, 'Phage protein': 1, 'putative transmembrane protein': 1, 'gp19.5 family protein': 9}
GCA_014337605.2_00002	2	{'hypothetical protein': 2}
GCA_014337605.2_00011	12	{'hypothetical protein': 11, 'glycosyltransferase': 1}
GCA_014337625.1_00007	3	{'hypothetical protein': 3}
GCA_014337625.1_00009	1	{'hypothetical protein': 1}
GCA_014337635.1_00004	3	{'hypothetical protein': 3}
GCA_022604885.2_00049	72	{'hypothetical protein': 68, 'hypotheticla protein': 1, 'endonuclease VII': 1, 'gp0.38': 1, 'Phage protein': 1}
GCA_022604905.2_00031	62	{'putative nucelotide kinase': 1, 'nucelotide kinase': 1, 'nucleotide kinase': 13, 'hypothetical protein': 33, 'endonuclease VII': 6, 'HNH endonuclease': 1, 'terminase small subunit': 2, 'putative DNA endonuclease': 1, 'Nucleotide kinase gp1.7': 2, 'gp1.8': 1, 'putative DNA endonuclease VII': 1}
GCA_022604915.2_00025	3	{'hypothetical protein': 3}
GCA_022694545.1_00025	48	{'endonuclease VII': 9, 'recombination endonuclease VII': 2, 'DNA endonuclease VII': 20, 'hypothetical protein': 6, 'putative DNA endonuclease VII': 4, 'DNA endonuclease': 1, 'tRNA nucleotidyltransferase': 1, 'exonuclease': 1, "5'-3' exonuclease": 1, 'putative DNA exonuclease': 1, 'nucleotidyltransferase': 1, 'endonuclease': 1}
GCA_022818295.1_00029	16	{'hypothetical protein': 15, 'exonuclease related to epsilon chain of DNA polymerase': 1}
GCA_022818295.1_00031	3	{'hypothetical protein': 3}
GCA_022818295.1_00032	3	{'hypothetical protein': 3}
GCA_022879465.1_00002	1	{'hypothetical protein': 1}
GCA_022879465.1_00003	1	{'hypothetical protein': 1}
GCA_022879465.1_00004	1	{'hypothetical protein': 1}
GCA_022879465.1_00005	1	{'hypothetical protein': 1}
GCA_022879465.1_00006	1	{'hypothetical protein': 1}
GCA_022879465.1_00007	1	{'hypothetical protein': 1}
GCA_022879465.1_00008	1	{'hypothetical protein': 1}
GCA_022879465.1_00009	1	{'hypothetical protein': 1}
GCA_022879465.1_00010	1	{'hypothetical protein': 1}
GCA_022879465.1_00011	1	{'hypothetical protein': 1}
GCA_022879465.1_00012	1	{'hypothetical protein': 1}
GCA_025630395.2_00026	3	{'hypothetical protein': 3}
GCA_025630395.2_00029	4	{'hypothetical protein': 4}
GCA_025630445.1_00004	15	{'hypothetical protein': 8, 'SAM-dependent methyltransferase': 7}
GCA_025630445.1_00006	1	{'hypothetical protein': 1}
GCA_025630445.1_00011	24	{'hypothetical protein': 24}
GCA_025630455.1_00048	2	{'hypothetical protein': 1, 'gp6': 1}
GCA_025630455.1_00053	1	{'hypothetical protein': 1}
GCA_025727355.1_00015	1	{'hypothetical protein': 1}
GCA_025727415.1_00037	1	{'hypothetical protein': 1}
GCF_001041815.1_00049	1	{'T7 tail fiber protein': 1}
GCF_001041815.1_00050	1	{'hypothetical protein': 1}
GCF_001041895.1_00019	1	{'metallo-phosphoesterase': 1}
GCF_001042175.1_00022	7	{'hypothetical protein': 7}
GCF_001042175.1_00027	3	{'exonuclease': 1, 'hypothetical protein': 2}
GCF_001042175.1_00030	4	{'hypothetical protein': 4}
GCF_001042195.1_00059	6	{'hypothetical protein': 5, 'acyl-CoA reductase': 1}
GCF_001470195.1_00023	2	{'hypothetical protein': 2}
GCF_001470795.1_00002	1	{'hypothetical protein': 1}
GCF_001470995.1_00012	1	{'hypothetical protein': 1}
GCF_001470995.1_00013	1	{'hypothetical protein': 1}
GCF_001470995.1_00014	1	{'hypothetical protein': 1}
GCF_001470995.1_00015	1	{'hypothetical protein': 1}
GCF_001470995.1_00016	1	{'hypothetical protein': 1}
GCF_001470995.1_00017	1	{'hypothetical protein': 1}
GCF_001470995.1_00018	1	{'hypothetical protein': 1}
GCF_001470995.1_00020	1	{'hypothetical protein': 1}
GCF_001470995.1_00021	9	{'hypothetical protein': 2, 'RNA polymerase': 1, 'DNA ligase': 5, 'DNA ligase-like protein': 1}
GCF_001470995.1_00022	1	{'hypothetical protein': 1}
GCF_001500935.1_00004	5	{'hypothetical protein': 5}
GCF_001501195.1_00031	1	{'putative dNMP kinase': 1}
GCF_001501275.1_00006	2	{'hypothetical protein': 2}
GCF_001501275.1_00051	2	{'hypothetical protein': 2}
GCF_002619985.1_00001	1	{'hypothetical protein': 1}
GCF_002624525.1_00039	7	{'DNA ligase': 1, 'DNA-dependent RNA polymerase': 3, 'ATP-dependent DNA ligase': 1, 'DNA dependent RNA polymerase': 1, 'hypothetical protein': 1}
GCF_002624545.1_00022	4	{'hypothetical protein': 3, 'exonuclease': 1}
GCF_002624845.1_00042	1	{'hypothetical protein': 1}
GCF_002624845.1_00043	1	{'hypothetical protein': 1}
GCF_002624845.1_00044	1	{'hypothetical protein': 1}
GCF_002624845.1_00045	2	{'sequence-specific DNA binding RNA polymerase II transcription factor': 1, 'hypothetical protein': 1}
GCF_002624845.1_00046	1	{'SAM-dependent methyltransferase': 1}
GCF_002625125.1_00001	1	{'hypothetical protein': 1}
GCF_002625125.1_00002	1	{'hypothetical protein': 1}
GCF_002625125.1_00003	1	{'hypothetical protein': 1}
GCF_002625125.1_00004	1	{'hypothetical protein': 1}
GCF_002625125.1_00005	2	{'hypothetical protein': 2}
GCF_002958485.1_00023	7	{'DNA ligase': 1, 'hypothetical protein': 6}
GCF_002989895.1_00010	1	{'HNH endonuclease': 1}
GCF_002989895.1_00011	1	{'hypothetical protein': 1}
GCF_002989895.1_00012	3	{'hypothetical protein': 3}
GCF_002989895.1_00013	1	{'hypothetical protein': 1}
GCF_002989895.1_00014	1	{'hypothetical protein': 1}
GCF_002989895.1_00015	1	{'hypothetical protein': 1}
GCF_002989895.1_00016	1	{'hypothetical protein': 1}
GCF_002989895.1_00017	1	{'hypothetical protein': 1}
GCF_002989895.1_00018	1	{'hypothetical protein': 1}
GCF_002989895.1_00019	1	{'hypothetical protein': 1}
GCF_002989895.1_00020	1	{'toxin': 1}
GCF_002989895.1_00021	1	{'hypothetical protein': 1}
GCF_002989895.1_00023	5	{'RNA polymerase': 4, 'T7 RNA polymerase': 1}
GCF_002989995.1_00019	40	{'hypothetical protein': 40}
GCF_002989995.1_00021	27	{'exonuclease': 5, 'hypothetical protein': 9, "5'-3' exonuclease": 1, "putative 5'-3' exonuclease": 6, 'HNH homing endonuclease': 2, 'HNH endonuclease': 2, 'RNaseH': 2}
GCF_002990175.1_00020	3	{'DNA polymerase exonuclease subunit': 2, 'hypothetical protein': 1}
GCF_002990265.1_00029	1	{'hypothetical protein': 1}
GCF_002990265.1_00030	5	{'hypothetical protein': 4, 'dATP / dGTP pyrophosphohydrolase': 1}
GCF_002990725.1_00003	1	{'hypothetical protein': 1}
GCF_002997375.1_00018	1	{'hypothetical protein': 1}
GCF_003093975.1_00005	1	{'GNAT family N-acetyltransferase': 1}
GCF_003093995.1_00048	7	{'hypothetical protein': 6, 'Lysozyme': 1}
GCF_003093995.1_00049	7	{'hypothetical protein': 7}
GCF_003094015.1_00001	1	{'hypothetical protein': 1}
GCF_003094015.1_00044	3	{'hypothetical protein': 3}
GCF_003094255.1_00004	4	{'hypothetical protein': 4}
GCF_003094295.1_00001	1	{'hypothetical protein': 1}
GCF_003094295.1_00004	197	{'serine-threonine kinase': 65, 'hypothetical protein': 26, 'Protein kinase 0.7': 36, 'putative protein kinase': 8, 'protein kinase': 46, 'seryl-threonyl protein kinase': 2, 'serine/threonine kinase': 6, 'protein kinase%3B inhibitor of host transcription%3B positively regulates RNaseIII%3B negatively on RNaseE': 5, 'kinase': 3}
GCF_003094295.1_00048	1	{'hypothetical protein': 1}
GCF_003143215.1_00047	2	{'hypothetical protein': 2}
GCF_003143215.1_00051	2	{'hypothetical protein': 2}
GCF_003143375.1_00028	2	{'hypothetical protein': 2}
GCA_003329525.1_00005	3	{'conserved hypothetical protein': 1, 'uncharacterized protein': 1, 'hypothetical protein': 1}
GCA_003344185.1_00043	1	{'hypothetical protein': 1}
GCA_005075185.1_00029	70	{'deoxynucleoside monophosphate kinase': 2, 'dNMP kinase': 31, 'hypothetical protein': 25, 'deoxynucleotide monophosphate kinase': 3, 'putative dNMP kinase': 8, 'metallo-dependent phosphoesterase': 1}
GCA_005145125.1_00042	81	{'overcome classical restriction': 1, 'hypothetical protein': 75, 'SAM-dependent methyltransferase': 1, 'receptor binding protein kinase': 1, 'gp0.4': 1, 'gp0.6A': 1, 'ocr-like anti-restriction': 1}
GCA_005280775.1_00002	1	{'hypothetical protein': 1}
GCA_005892125.1_00003	8	{'hypothetical protein': 8}
GCA_005892125.1_00006	1	{'hypothetical protein': 1}
GCA_005892785.1_00005	3	{'hypothetical protein': 3}
GCA_016653745.1_00047	1	{'hypothetical protein': 1}
GCA_016653745.1_00048	9	{'hypothetical protein': 8, 'Phage protein Gp37/Gp68-like protein': 1}
GCA_016653745.1_00049	2	{'hypothetical protein': 1, 'DUF2188 domain-containing protein': 1}
GCA_016653745.1_00050	2	{'hypothetical protein': 2}
GCA_016759185.1_00026	1	{'hypothetical protein': 1}
GCA_016759195.1_00027	2	{'hypothetical protein': 2}
GCA_016759195.1_00028	101	{'hypothetical protein': 42, 'putative kinase phosphatase': 4, 'polynucleotide kinase': 3, 'putative phosphoesterase': 4, 'putative structural protein': 1, 'phosphoesterase': 6, 'phospohoesterase': 1, 'metallophosphoesterase': 2, 'metallophosphatase superfamily protein': 3, 'metallo-phosphoesterase': 26, 'putative membrane protein': 1, 'endonuclease VII': 4, 'deoxynucleoside monophosphate kinase': 2, 'HNH endonuclease': 1, 'gp23': 1}
GCA_016811465.1_00005	1	{'hypothetical protein': 1}
GCA_016835325.1_00022	2	{'hypothetical protein': 2}
GCA_024499755.1_00001	1	{'hypothetical protein': 1}
GCA_024499755.1_00002	1	{'hypothetical protein': 1}
GCA_024499755.1_00003	1	{'hypothetical protein': 1}
GCA_024499755.1_00004	1	{'hypothetical protein': 1}
GCA_024499755.1_00006	1	{'hypothetical protein': 1}
GCA_024499755.1_00007	1	{'DNA-directed RNA polymerase': 1}
GCA_024499755.1_00042	2	{'hypothetical protein': 1, 'anti-restriction protein': 1}
GCA_024499755.1_00043	1	{'hypothetical protein': 1}
GCA_024499755.1_00044	1	{'hypothetical protein': 1}
GCA_025085125.1_00045	9	{'hypothetical protein': 9}
GCA_025085125.1_00046	11	{'hypothetical protein': 11}
GCA_025085125.1_00047	8	{'hypothetical protein': 8}
GCA_025085125.1_00049	3	{'tail fiber protein': 3}
GCA_025085155.1_00012	1	{'hypothetical protein': 1}
GCA_025085175.1_00001	6	{'terminase large subunit': 1, 'hypothetical protein': 2, 'Terminase%2C large subunit gp19': 3}
GCA_025085185.1_00001	9	{'hypothetical protein': 7, 'putative F-box domain-containing protein': 1, 'SAM-dependent methyltransferase': 1}
GCA_025085425.1_00026	54	{'virion structural protein': 31, 'putative structural protein': 1, 'hypothetical protein': 17, 'hypothetical protein [Escherichia phage PMBT57]': 1, '66 kDa protein': 1, 'endolysin': 3}
GCA_025085795.1_00001	4	{'hypothetical protein': 4}
GCA_025085795.1_00002	3	{'hypothetical protein': 3}
GCA_025085795.1_00003	10	{'hypothetical protein': 10}
GCA_025085795.1_00008	2	{'hypothetical protein': 2}
GCA_026273205.1_00001	1	{'hypothetical protein': 1}
GCA_026273205.1_00004	1	{'hypothetical protein': 1}
GCA_026273205.1_00005	1	{'hypothetical protein': 1}
GCA_026273205.1_00046	2	{'hypothetical protein': 2}
GCA_026432255.1_00034	1	{'hypothetical protein': 1}
GCA_026432255.1_00040	2	{'hypothetical protein': 2}
GCA_026432285.1_00090	1	{'hypothetical protein': 1}
GCA_026432285.1_00091	2	{'Terminase%2C large subunit gp19': 2}
GCA_026432285.1_00092	5	{'hypothetical protein': 2, 'Terminase%2C large subunit gp19': 3}
GCA_026432295.1_00071	2	{'T7 RNA polymerase': 2}
GCA_026432295.1_00076	3	{'hypothetical protein': 3}
GCA_026432305.1_00001	1	{'hypothetical protein': 1}
GCA_026432305.1_00003	3	{'Terminase%2C large subunit gp19': 3}
GCA_026432305.1_00075	1	{'T7 RNA polymerase': 1}
GCA_026432305.1_00079	15	{'hypothetical protein': 15}
GCA_026432315.1_00002	2	{'hypothetical protein': 2}
GCA_026432315.1_00006	1	{'hypothetical protein': 1}
GCA_026432315.1_00009	1	{'hypothetical protein': 1}
GCA_026432355.2_00004	4	{'hypothetical protein': 4}
GCA_026568245.1_00032	6	{'hypothetical protein': 6}
GCA_027183915.1_00001	1	{'hypothetical protein': 1}
GCA_027183915.1_00002	1	{'hypothetical protein': 1}
GCA_027183915.1_00003	1	{'hypothetical protein': 1}
GCA_027183915.1_00004	2	{'integrase': 1, 'hypothetical protein': 1}
GCA_027183915.1_00005	1	{'hypothetical protein': 1}
GCA_027183915.1_00006	1	{'hypothetical protein': 1}
GCA_027183915.1_00007	1	{'hypothetical protein': 1}
GCA_027183915.1_00008	1	{'hypothetical protein': 1}
GCA_027183915.1_00009	27	{'hypothetical protein': 26, 'Phage protein': 1}
GCA_027183915.1_00010	1	{'hypothetical protein': 1}
GCA_027183915.1_00011	2	{'hypothetical protein': 1, 'chromosome segregation protein': 1}
GCA_027183915.1_00012	1	{'hypothetical protein': 1}
GCA_027183915.1_00013	1	{'hypothetical protein': 1}
GCA_027183915.1_00015	1	{'hypothetical protein': 1}
GCA_027183915.1_00016	1	{'hypothetical protein': 1}
GCA_027183915.1_00018	1	{'hypothetical protein': 1}
GCA_027574145.1_00042	15	{'hypothetical protein': 15}
GCA_027574165.1_00002	1	{'hypothetical protein': 1}
GCA_027574165.1_00003	1	{'hypothetical protein': 1}
GCA_027574165.1_00009	4	{'hypothetical protein': 3, 'DNA ligase-like protein': 1}
GCA_027574325.1_00023	13	{'DNA-dependent RNA polymerase': 2, 'T7 RNA polymerase': 1, 'RNA polymerase': 7, 'N4-like RNA polymerase': 1, 'RNA polymerase-like protein': 1, 'hypothetical protein': 1}
GCA_027618025.1_00038	1	{'hypothetical protein': 1}
GCF_000918515.1_00008	4	{'hypothetical protein': 4}
GCF_000918515.1_00011	4	{'hypothetical protein': 4}
GCF_000918515.1_00013	5	{'hypothetical protein': 5}
GCF_000918515.1_00014	6	{'hypothetical protein': 6}
GCF_000918515.1_00015	7	{'hypothetical protein': 7}
GCF_000918515.1_00017	3	{'DNA ligase': 1, 'hypothetical protein': 2}
GCF_000918975.1_00079	1	{'hypothetical protein': 1}
GCF_000918975.1_00080	1	{'hypothetical protein': 1}
GCF_000918975.1_00082	2	{'hypothetical protein': 1, 'p10-like protein': 1}
GCF_000918975.1_00083	1	{'hypothetical protein': 1}
GCF_000918975.1_00084	1	{'putative streptomycin biosynthesis operon regulatory protein': 1}
GCF_000918975.1_00085	169	{'SAM-dependent methyltransferase': 40, 'hypothetical protein': 94, 'S-adenosyl-L-methionine hydrolase': 22, 'gp0.4': 1, 'RNA polymerase sigma factor': 1, 'putative S-adenosyl-L-methionine hydrolase': 8, 'putative immunoglobulin-blocking virulence protein': 1, 'putative adenosyl-L-methionine hydrolase': 1, 'SAM hydrolase / restriction inhibitor': 1}
GCF_000919455.1_00001	3	{'putative ABC transporter': 2, 'hypothetical protein': 1}
GCF_000924995.1_00011	2	{'hypothetical protein': 2}
GCF_000924995.1_00012	3	{'transcriptional regulator': 1, 'tyrosine integrase': 1, 'MarR Transcriptional regulators': 1}
GCF_000924995.1_00014	1	{'DNA methyltransferase': 1}
GCF_000924995.1_00015	1	{'DNA methyltransferase': 1}
GCF_000924995.1_00018	1	{'tRNA splicing ligase': 1}
GCF_000924995.1_00019	1	{'hypothetical protein': 1}
GCF_000924995.1_00020	3	{'hypothetical protein': 3}
GCF_000925075.1_00001	1	{'hypothetical protein': 1}
GCF_000925075.1_00004	1	{'hypothetical protein': 1}
GCF_000925075.1_00005	1	{'hypothetical protein': 1}
GCF_000925075.1_00006	1	{'hypothetical protein': 1}
GCF_000925075.1_00007	1	{'hypothetical protein': 1}
GCF_000925075.1_00009	1	{'hypothetical protein': 1}
GCF_000925075.1_00012	1	{'hypothetical protein': 1}
GCF_000927475.1_00001	1	{'hypothetical protein': 1}
GCF_000927475.1_00002	1	{'hypothetical protein': 1}
GCF_000927475.1_00003	1	{'hypothetical protein': 1}
GCF_000927475.1_00006	1	{'hypothetical protein': 1}
GCF_003369305.1_00003	1	{'hypothetical protein': 1}
GCF_003369305.1_00004	1	{'hypothetical protein': 1}
GCF_003369305.1_00005	1	{'hypothetical protein': 1}
GCF_003369305.1_00009	3	{'hypothetical protein': 2, 'conserved hypothetical protein': 1}
GCF_003423285.1_00038	1	{'hypothetical protein': 1}
GCF_003440755.1_00002	2	{'gp90': 1, 'hypothetical protein': 1}
GCF_003440755.1_00003	1	{'hypothetical protein': 1}
GCF_003440755.1_00005	1	{'hypothetical protein': 1}
GCF_003440755.1_00006	5	{'hypothetical protein': 5}
GCF_003440755.1_00007	1	{'hypothetical protein': 1}
GCF_003440755.1_00009	20	{'hypothetical protein PSSP7_008': 1, 'hypothetical protein': 17, 'conserved hypothetical protein': 1, 'uncharacterized protein': 1}
GCF_003440755.1_00029	1	{'photosystem II D1': 1}
GCF_003440755.1_00030	1	{'hypothetical protein': 1}
GCF_003440975.1_00006	1	{'hypothetical protein': 1}
GCF_003440975.1_00007	1	{'hypothetical protein': 1}
GCF_003440975.1_00008	1	{'hypothetical protein': 1}
GCF_003440975.1_00010	5	{'hypothetical protein': 3, 'uncharacterized protein': 1, 'conserved hypothetical protein': 1}
GCF_003441135.1_00030	4	{'transcriptional regulator': 4}
GCF_003441135.1_00031	4	{'hypothetical protein': 4}
GCF_003441135.1_00033	7	{'hypothetical protein': 7}
GCF_003441135.1_00034	1	{'hypothetical protein': 1}
GCF_003441135.1_00035	1	{'hypothetical protein': 1}
GCF_003441135.1_00036	1	{'hypothetical protein': 1}
GCF_003441135.1_00037	1	{'hypothetical protein': 1}
GCF_003505395.1_00007	1	{'hypothetical protein': 1}
GCF_003505395.1_00009	2	{'hypothetical protein': 2}
GCF_003505395.1_00010	1	{'hypothetical protein': 1}
GCF_003505395.1_00011	1	{'hypothetical protein': 1}
GCF_003505395.1_00012	1	{'hypothetical protein': 1}
GCF_003505615.1_00028	6	{'hypothetical protein': 6}
GCF_003505615.1_00030	1	{'hypothetical protein': 1}
GCF_003505615.1_00031	1	{'hypothetical protein': 1}
GCF_020492005.1_00071	62	{'hypothetical protein': 54, 'putative structural protein': 1, 'gp53': 2, 'hypothetical protein vec25_57 [EscherichiavirusVEc25]': 1, 'gp70': 1, 'putative 4 transmembrane helical domains containing protein': 1, 'membrane protein': 1, 'virion structural protein': 1}
GCF_020497045.1_00041	1	{'hypothetical protein': 1}
GCF_020523195.1_00020	8	{'virion structural protein': 4, 'hypothetical protein': 2, 'putative tail protein': 2}
GCA_006516815.1_00003	1	{'hypothetical protein': 1}
GCA_006516815.1_00004	2	{'hypothetical protein': 2}
GCA_006516815.1_00005	2	{'hypothetical protein': 2}
GCA_006516815.1_00006	3	{'hypothetical protein': 3}
GCA_006516815.1_00008	2	{'hypothetical protein': 2}
GCA_006516835.1_00001	3	{'hypothetical protein': 3}
GCA_006516895.1_00004	1	{'hypothetical protein': 1}
GCA_006516895.1_00005	6	{'hypothetical protein': 6}
GCA_006516895.1_00007	3	{'hypothetical protein': 3}
GCA_006516895.1_00009	1	{'hypothetical protein': 1}
GCA_006516915.1_00003	2	{'hypothetical protein': 2}
GCA_006516915.1_00004	1	{'hypothetical protein': 1}
GCA_006516915.1_00005	3	{'hypothetical protein': 3}
GCA_006516915.1_00006	1	{'hypothetical protein': 1}
GCA_006516915.1_00008	1	{'hypothetical protein': 1}
GCA_006516915.1_00009	1	{'hypothetical protein': 1}
GCA_006516915.1_00011	1	{'hypothetical protein': 1}
GCA_006964605.1_00027	2	{'hypothetical protein': 2}
GCA_009662775.1_00030	1	{'hypothetical protein': 1}
GCA_009662775.1_00035	1	{'hypothetical protein': 1}
GCA_009662775.1_00038	1	{'hypothetical protein': 1}
GCA_009662775.1_00039	1	{'terminase large subunit': 1}
GCA_009662775.1_00040	1	{'terminase large subunit': 1}
GCA_009667685.1_00041	1	{'hypothetical protein': 1}
GCA_009667685.1_00043	1	{'hypothetical protein': 1}
GCA_009667685.1_00044	4	{'hypothetical protein': 4}
GCA_009667685.1_00047	1	{'hypothetical protein': 1}
GCA_009667685.1_00048	2	{'hypothetical protein': 2}
GCA_009667685.1_00049	5	{'hypothetical protein': 5}
GCA_009667685.1_00051	11	{'hypothetical protein': 11}
GCA_009667685.1_00053	1	{'hypothetical protein': 1}
GCA_009667685.1_00054	2	{'hypothetical protein': 2}
GCA_009667705.1_00022	1	{'hypothetical protein': 1}
GCA_009673265.1_00022	1	{'hypothetical protein': 1}
GCA_009673265.1_00027	1	{'hypothetical protein': 1}
GCA_013348025.1_00045	10	{'hypothetical protein': 10}
GCA_013377455.1_00006	35	{'hypothetical protein': 33, 'membrane protein': 1, 'putative oxidoreductase': 1}
GCA_013387635.1_00001	1	{'hypothetical protein': 1}
GCA_013426615.1_00045	1	{'large terminase': 1}
GCA_013426665.1_00003	12	{'hypothetical protein': 12}
GCA_020528835.1_00002	1	{'hypothetical protein': 1}
GCA_020685065.1_00024	1	{'hypothetical protein': 1}
GCA_020892805.1_00009	6	{'hypothetical protein': 6}
GCA_020892805.1_00011	3	{'protein kinase': 1, 'serine-threonine kinase': 2}
GCA_021090025.1_00050	1	{'hypothetical protein': 1}
GCA_021090025.1_00051	1	{'hypothetical protein': 1}
GCA_021090025.1_00052	1	{'hypothetical protein': 1}
GCA_021090025.1_00053	1	{'hypothetical protein': 1}
GCA_021090025.1_00054	1	{'hypothetical protein': 1}
GCA_021090025.1_00055	1	{'hypothetical protein': 1}
GCA_023369755.1_00023	7	{'hypothetical protein': 7}
GCA_023369755.1_00025	2	{'baseplate wedge protein': 1, 'hypothetical protein': 1}
GCA_023369755.1_00033	1	{'hypothetical protein': 1}
GCA_023547295.1_00004	4	{'hypothetical protein': 4}
GCA_023571595.1_00009	5	{'hypothetical protein': 4, 'tail spike protein': 1}
GCA_023571595.1_00011	1	{'hypothetical protein': 1}
GCA_905249735.1_00052	2	{'hypothetical protein': 2}
GCA_943324605.1_00014	1	{'Hypothetical protein': 1}
GCA_943324605.1_00015	1	{'type II holin': 1}
GCA_943324605.1_00018	1	{'Hypothetical protien': 1}
GCA_943324605.1_00019	1	{'DNA maturase B': 1}
GCF_000843145.1_00001	1	{'hypothetical protein': 1}
GCF_000843145.1_00006	33	{'hypothetical protein': 31, 'putative restriction-modification evasion%2C mimics B-form DNA': 1, 'Orc protein': 1}
GCF_000849825.2_00001	1	{'hypothetical protein': 1}
GCF_000849825.2_00002	1	{'hypothetical protein': 1}
GCF_000849825.2_00003	1	{'hypothetical protein': 1}
GCF_000849825.2_00004	1	{'hypothetical protein': 1}
GCF_000849825.2_00005	1	{'hypothetical protein': 1}
GCF_000849825.2_00006	4	{'hypothetical protein': 3, 'gp14': 1}
GCF_000849825.2_00052	1	{'hypothetical protein': 1}
GCF_000849825.2_00053	1	{'hypothetical protein': 1}
GCF_000849825.2_00054	2	{'hypothetical protein': 2}
GCF_000858745.1_00002	5	{'uncharacterized protein': 1, 'gp12': 1, 'DNA methyltransferase': 2, 'hypothetical protein': 1}
GCF_000858745.1_00003	2	{'hypothetical protein': 1, 'conserved hypothetical protein': 1}
GCF_000884875.1_00043	1	{'P43': 1}
GCF_000884875.1_00045	37	{'DNA polymerase': 13, 'hypothetical protein': 15, 'DNA polymerase I': 2, 'putative DNA polymerase': 2, 'DNA polymerase lacking N-terminal exonuclease domain': 1, 'p39': 1, 'DNA polymerase A family protein': 1, 'endonuclease': 1, 'DNA-directed DNA polymerase domain protein': 1}
GCF_000886135.1_00021	1	{'hypothetical protein': 1}
GCF_000886135.1_00022	2	{'hypothetical protein': 2}
GCF_000886135.1_00028	2	{'hypothetical protein': 2}
GCF_000886155.1_00036	2	{'HNH endonuclease': 1, 'hypothetical protein': 1}
GCF_000887015.1_00002	1	{'hypothetical protein': 1}
GCF_000887015.1_00041	1	{'tail fiber protein': 1}
GCF_000887015.1_00043	1	{'hypothetical protein': 1}
GCF_000890795.1_00002	1	{'hypothetical protein': 1}
GCF_000890795.1_00044	1	{'HNH endonuclease': 1}
GCF_000891635.1_00003	2	{'hypothetical protein': 2}
GCF_000891635.1_00006	5	{'hypothetical protein': 5}
GCF_000892275.1_00001	1	{'hypothetical protein': 1}
GCF_000892395.1_00047	1	{'hypothetical protein': 1}
GCF_000892395.1_00048	27	{'hypothetical protein': 27}
GCF_000892395.1_00049	1	{'hypothetical protein': 1}
GCF_000895235.1_00015	1	{'hypothetical protein': 1}
GCF_000895235.1_00016	1	{'hypothetical protein': 1}
GCF_000895235.1_00017	1	{'hypothetical protein': 1}
GCF_000895235.1_00018	1	{'hypothetical protein': 1}
GCF_000895235.1_00019	1	{'hypothetical protein': 1}
GCF_000895235.1_00026	1	{'hypothetical protein': 1}
GCF_000895235.1_00027	1	{'RNA polymerase': 1}
GCF_000896715.1_00011	2	{'hypothetical protein': 2}
GCF_000896715.1_00012	1	{'DNA methyltransferase': 1}
GCF_000900475.1_00005	2	{'hypothetical protein': 2}
GCF_000900695.1_00027	54	{'hypothetical protein': 49, 'putative membrane protein': 4, 'small Trp-rich protein': 1}
GCF_000900955.1_00001	2	{'hypothetical protein': 2}
GCF_000900955.1_00002	2	{'hypothetical protein': 2}
GCF_000900955.1_00005	3	{'hypothetical protein': 3}
GCF_000900955.1_00007	2	{'hypothetical protein': 2}
GCF_000900955.1_00008	2	{'hypothetical protein': 2}
GCF_000900955.1_00053	2	{'tail fiber protein': 1, 'SGNH hydrolase domain-containing protein': 1}
GCF_000900955.1_00054	2	{'hypothetical protein': 2}
GCF_000900955.1_00055	2	{'hypothetical protein': 2}
GCF_000901275.1_00039	1	{'hypothetical protein': 1}
GCF_004610715.1_00023	1	{'gp23': 1}
GCF_004610715.1_00025	1	{'gp25': 1}
GCF_004610715.1_00026	86	{'gp27': 1, 'hypothetical protein': 80, 'putative secreted protein': 1, 'HNH endonuclease': 1, 'exonuclease': 1, 'putative DNA exonuclease': 2}
GCF_004610715.1_00027	1	{'gp28': 1}
GCF_004610715.1_00030	1	{'gp29': 1}
GCF_004800205.1_00026	5	{'hypothetical protein': 3, 'exonuclease': 2}
GCF_004800205.1_00033	11	{'hypothetical protein': 10, 'anti-termination protein Q-like': 1}
GCF_004800935.1_00001	2	{'thymidylate synthase': 1, 'hypothetical protein': 1}
GCF_004800935.1_00003	2	{'hypothetical protein': 1, 'thymidylate synthase': 1}
GCF_004800935.1_00005	1	{'hypothetical protein': 1}
GCF_004800935.1_00006	1	{'hypothetical protein': 1}
GCF_004800935.1_00007	1	{'hypothetical protein': 1}
GCF_004800935.1_00048	3	{'hypothetical protein': 2, 'RNA polymerase': 1}
GCF_004800935.1_00051	3	{'hypothetical protein': 3}
GCF_004800935.1_00053	4	{'hypothetical protein': 4}
GCF_008951945.1_00001	1	{'RNA polymerase': 1}
GCF_008951945.1_00071	1	{'tail fiber protein': 1}
GCF_008951945.1_00072	2	{'putative tail fiber protein': 1, 'holin/anti-holin': 1}
GCF_008951945.1_00074	1	{'holin/anti-holin': 1}
GCF_008951945.1_00075	1	{'endolysin': 1}
GCF_009388365.1_00086	1	{'hypothetical protein': 1}
GCF_009388365.1_00087	1	{'hypothetical protein': 1}
GCF_009388365.1_00088	2	{'DNA-directed RNA polymerase': 1, 'hypothetical protein': 1}
GCF_009388365.1_00090	1	{'hypothetical protein': 1}
GCF_009388365.1_00091	1	{'hypothetical protein': 1}
GCF_009388365.1_00092	1	{'hypothetical protein': 1}
GCF_009388365.1_00093	1	{'hypothetical protein': 1}
GCF_009388365.1_00094	1	{'hypothetical protein': 1}
GCF_009388365.1_00095	1	{'hypothetical protein': 1}
GCF_009388365.1_00096	1	{'hypothetical protein': 1}
GCF_009388365.1_00097	1	{'hypothetical protein': 1}
GCF_009388365.1_00098	1	{'phosphatase': 1}
GCF_009388365.1_00099	1	{'hypothetical protein': 1}
GCF_009388365.1_00100	1	{'hypothetical protein': 1}
GCF_013490925.1_00003	1	{'hypothetical protein': 1}
GCF_013490925.1_00005	1	{'hypothetical protein': 1}
GCF_013490925.1_00008	1	{'hypothetical protein': 1}
GCF_014262885.1_00035	1	{'hypothetical protein': 1}
GCF_014262885.1_00038	356	{'hypothetical protein': 273, 'exonuclease': 31, 'putative exonuclease': 1, "5'-3' exonuclease": 10, "putative 5'-3' exonuclease": 1, 'host RecBCD nuclease inhibitor': 1, 'p38': 1, 'large tegument protein': 14, 'putative structural protein': 1, 'oxidoreductase': 1, 'structural protein': 4, 'Fe-S oxidoreductase': 6, 'putative large tegument protein': 2, 'P43': 1, 'putative DNA exonuclease': 2, 'ribonuclease H': 2, 'endonuclease': 1, 'DNA exonuclease': 1, 'gp': 1, 'levansucrase': 2}
GCF_015620935.1_00045	2	{'hypothetical protein': 2}
GCF_015620935.1_00046	2	{'hypothetical protein': 2}
GCF_015620935.1_00047	2	{'endolysin': 1, 'cell wall hydrolase domain protein': 1}
GCF_015620935.1_00048	2	{'hypothetical protein': 2}
GCF_015620935.1_00049	2	{'hypothetical protein': 2}
GCF_015620935.1_00050	1	{'hypothetical protein': 1}
GCF_015620935.1_00052	2	{'hypothetical protein': 2}
GCF_015620935.1_00053	2	{'hypothetical protein': 2}
GCF_015620935.1_00054	2	{'hypothetical protein': 2}
GCF_015620935.1_00056	2	{'hypothetical protein': 2}
GCF_015620935.1_00057	2	{'hypothetical protein': 2}
GCF_017903485.1_00076	1	{'putative structural protein': 1}
GCA_008951985.1_00004	27	{'hypothetical protein': 27}
GCA_009176145.1_00001	1	{'hypothetical protein': 1}
GCA_009185745.1_00006	1	{'hypothetical protein': 1}
GCA_009185745.1_00009	1	{'hypothetical protein': 1}
GCA_009185825.1_00025	5	{'hypothetical protein': 5}
GCA_009185825.1_00026	5	{'hypothetical protein': 5}
GCA_009185825.1_00027	7	{'hypothetical protein': 7}
GCA_009185825.1_00030	1	{'hypothetical protein': 1}
GCA_009185825.1_00031	1	{'hypothetical protein': 1}
GCA_009185825.1_00033	1	{'hypothetical protein': 1}
GCA_009185825.1_00035	1	{'hypothetical protein': 1}
GCA_009372295.1_00002	1	{'hypothetical protein': 1}
GCA_015502225.1_00045	3	{'hypothetical protein': 3}
GCA_015620925.1_00081	1	{'hypothetical protein': 1}
GCA_015620925.1_00082	2	{'hypothetical protein': 2}
GCA_015620925.1_00086	2	{'hypothetical protein': 2}
GCA_015620925.1_00090	2	{'hypothetical protein': 2}
GCA_015644885.1_00027	2	{'hypothetical protein': 2}
GCA_015644885.1_00028	1	{'hypothetical protein': 1}
GCA_015644885.1_00030	3	{'hypothetical protein': 3}
GCA_015644895.1_00015	1	{'lysozyme murein hydrolase': 1}
GCA_015644895.1_00017	2	{'MoaE-like protein': 1, 'hypothetical protein': 1}
GCA_015644895.1_00022	1	{'mucin-19 like protein': 1}
GCA_015644895.1_00024	2	{'mucin-22 like protein': 1, 'hypothetical protein': 1}
GCA_015644905.1_00005	1	{'hypothetical protein': 1}
GCA_015644905.1_00049	8	{'hypothetical protein': 4, 'RNA polymerase': 2, 'putative RNA polymerase': 1, 'DNA-directed RNA polymerase': 1}
GCA_015644955.1_00049	5	{'hypothetical protein': 5}
GCA_015644955.1_00053	3	{'hypothetical protein': 3}
GCA_015644975.1_00037	3	{'hypothetical protein': 3}
GCA_015644975.1_00038	2	{'hypothetical protein': 2}
GCA_015644975.1_00040	3	{'hypothetical protein': 3}
GCA_015644975.1_00043	1	{'anti-restriction protein': 1}
GCA_015709755.1_00051	2	{'hypothetical protein': 2}
GCA_020484125.1_00024	82	{'DNA ligase': 1, 'hypothetical protein': 22, 'dNMP kinase': 37, 'putative dNMP kinase': 11, 'deoxynucleoside monophosphate kinase': 3, 'deoxynucleotide monophosphate kinase': 3, 'P-loop containing nucleoside triphosphate hydrolase': 1, 'adenylyl-sulfate kinase': 1, 'nucleoside triphosphate pyrophosphohydrolase': 1, 'N4-like RNA polymerase': 2}
GCA_020484125.1_00025	64	{'DNA ligase': 7, 'putative DNA ligase': 2, 'hypothetical protein': 46, 'putative recombination endonuclease VII': 1, 'ATP-dependent DNA ligase': 2, 'RNA polymerase': 3, 'dATP/dGTP diphosphohydrolase': 1, 'putative ATP-dependent DNA ligase': 2}
GCA_020484165.1_00029	5	{'hypothetical protein': 5}
GCA_020487865.3_00052	6	{'hypothetical protein': 4, 'tail fiber protein': 2}
GCA_020487865.3_00054	2	{'hypothetical protein': 2}
GCA_020487865.3_00055	1	{'hypothetical protein': 1}
GCA_020488535.1_00040	3	{'hypothetical protein': 3}
GCA_020488535.1_00044	3	{'hypothetical protein': 3}
GCA_020489725.1_00007	10	{'hypothetical protein': 10}
GCA_020490015.1_00001	1	{'hypothetical protein': 1}
GCA_020490015.1_00002	1	{'hypothetical protein': 1}
GCA_020490015.1_00003	3	{'hypothetical protein': 2, 'gp1': 1}
GCA_020490015.1_00004	1	{'hypothetical protein': 1}
GCA_020490015.1_00005	2	{'hypothetical protein': 1, 'gp3': 1}
GCA_020490015.1_00007	1	{'hypothetical protein': 1}
GCA_020490015.1_00008	2	{'hypothetical protein': 1, 'gp14': 1}
GCA_021216215.1_00029	30	{'hypothetical protein': 13, 'RNaseH': 1, "putative 5'-3' exonuclease": 1, 'exonuclease': 1, 'endonuclease': 1, 'HNH endonuclease': 10, 'putative homing endonuclease': 2, 'putative HNH endonuclease': 1}
GCA_021351865.1_00056	1	{'hypothetical protein': 1}
GCA_021355235.1_00001	1	{'hypothetical protein': 1}
GCA_021355615.1_00002	2	{'hypothetical protein': 2}
GCA_021355615.1_00005	4	{'hypothetical protein': 4}
GCA_021355615.1_00006	1	{'hypothetical protein': 1}
GCA_021356245.1_00037	4	{'hypothetical protein': 4}
GCA_021378435.1_00002	1	{'hypothetical protein': 1}
GCA_021378435.1_00003	1	{'putative antitoxin': 1}
GCA_021378435.1_00004	5	{'ArdA-like antirestriction protein': 1, 'hypothetical protein': 2, 'anti-restriction protein': 2}
GCA_021378435.1_00005	1	{'integrase': 1}
GCA_021378495.1_00043	9	{'protein kinase': 1, 'hypothetical protein': 3, 'Protein kinase 0.7': 4, 'gp0.7': 1}
GCA_021863865.1_00001	1	{'hypothetical protein': 1}
GCA_021863865.1_00002	1	{'hypothetical protein': 1}
GCA_021863865.1_00003	1	{'hypothetical protein': 1}
GCA_021863865.1_00004	1	{'hypothetical protein': 1}
GCA_021863865.1_00006	1	{'hypothetical protein': 1}
GCA_021863865.1_00010	1	{'hypothetical protein': 1}
GCA_022211075.1_00004	1	{'hypothetical protein': 1}
GCA_022213585.1_00045	1	{'hypothetical protein': 1}
GCA_022213585.1_00046	9	{'hypothetical protein': 8, 'virion structural protein': 1}
GCA_022213585.1_00048	4	{'hypothetical protein': 4}
GCA_022401895.1_00041	53	{'hypothetical protein': 51, 'gp0.35': 1, 'ocr-like anti-restriction': 1}
GCA_022544565.1_00043	1	{'hypothetical protein': 1}
GCA_022544615.1_00001	20	{'hypothetical protein': 20}
GCA_022544615.1_00005	4	{'hypothetical protein': 4}
GCA_022604885.2_00001	1	{'hypothetical protein': 1}
GCA_022604885.2_00002	1	{'EPS depolymerase': 1}
GCA_023078895.1_00031	2	{"polynucleotide 5' kinase": 2}
GCA_023078905.1_00033	51	{'hypothetical protein': 32, "polynucleotide 5' kinase": 1, 'gp174': 1, 'putative AAT_I superfamily protein': 1, 'endonuclease VII': 3, 'dATP/dGTP diphosphohydrolase': 1, 'putative phosphodiestherase': 4, 'putative kinase-phosphatase': 1, 'gp32': 1, 'putative ATP-binding protein': 3, 'metallo-phosphoesterase': 2, 'polynucleotide kinase': 1}
GCA_023078915.1_00001	1	{'hypothetical protein': 1}
GCA_023078915.1_00002	1	{'hypothetical protein': 1}
GCA_023078915.1_00003	1	{'hypothetical protein': 1}
GCA_023078915.1_00004	1	{'hypothetical protein': 1}
GCA_023078915.1_00005	1	{'hypothetical protein': 1}
GCA_023078915.1_00006	2	{'hypothetical protein': 2}
GCA_023078915.1_00007	1	{'hypothetical protein': 1}
GCA_023078915.1_00008	6	{'hypothetical protein': 6}
GCA_023078915.1_00009	1	{'hypothetical protein': 1}
GCA_023078915.1_00010	1	{'hypothetical protein': 1}
GCA_023078915.1_00011	2	{'hypothetical protein': 2}
GCA_023078915.1_00013	1	{'hypothetical protein': 1}
GCA_023078915.1_00014	1	{'hypothetical protein': 1}
GCA_024381135.1_00001	1	{'hypothetical protein': 1}
GCA_024381135.1_00002	1	{'hypothetical protein': 1}
GCA_024381135.1_00003	1	{'hypothetical protein': 1}
GCA_024381135.1_00004	1	{'hypothetical protein': 1}
GCA_024381135.1_00008	1	{'hypothetical protein': 1}
GCA_024381135.1_00010	1	{'hypothetical protein': 1}
GCA_024381135.1_00011	1	{'hypothetical protein': 1}
GCA_024381145.1_00002	1	{'hypothetical protein': 1}
GCA_024381145.1_00003	1	{'hypothetical protein': 1}
GCA_024381145.1_00004	40	{'hypothetical protein': 39, 'RNA polymerase': 1}
GCA_024381145.1_00006	1	{'hypothetical protein': 1}
GCA_024381265.1_00035	1	{'hypothetical protein': 1}
GCA_024384125.1_00031	1	{'DNA-directed DNA polymerase': 1}
GCA_024384125.1_00032	1	{'hypothetical protein': 1}
GCA_024384125.1_00033	1	{'hypothetical protein': 1}
GCA_024384125.1_00034	1	{'hypothetical protein': 1}
GCA_024384125.1_00035	1	{'DNA primase/helicase': 1}
GCA_024384195.1_00029	28	{'hypothetical protein': 28}
GCA_024384215.1_00014	1	{'hypothetical protein': 1}
GCA_024384225.1_00015	1	{'hypothetical protein': 1}
GCA_024384225.1_00019	1	{'hypothetical protein': 1}
GCA_024384225.1_00023	1	{'hypothetical protein': 1}
GCA_024384225.1_00024	1	{'hypothetical protein': 1}
GCA_024384225.1_00025	2	{'hypothetical protein': 2}
GCA_024499585.1_00001	14	{'hypothetical protein': 14}
GCA_024499585.1_00002	14	{'hypothetical protein': 14}
GCA_024499585.1_00032	14	{'hypothetical protein': 14}
GCA_024499585.1_00035	14	{'hypothetical protein': 14}
GCA_024499585.1_00036	14	{'hypothetical protein': 14}
GCA_024499595.1_00002	11	{'hypothetical protein': 11}
GCA_024499595.1_00003	8	{'hypothetical protein': 8}
GCA_024499595.1_00007	14	{'RNA polymerase': 14}
GCA_024499595.1_00040	8	{'hypothetical protein': 8}
GCA_024499625.1_00003	10	{'hypothetical protein': 10}
GCA_902810465.1_00033	1	{'hypothetical protein': 1}
GCA_902983405.1_00046	1	{'hypothetical protein': 1}
GCA_902983405.1_00047	1	{'hypothetical protein': 1}
GCA_902983405.1_00048	1	{'hypothetical protein': 1}
GCA_902983405.1_00049	1	{'hypothetical protein': 1}
GCA_902983405.1_00050	1	{'hypothetical protein': 1}
GCA_902983405.1_00051	1	{'hypothetical protein': 1}
GCA_902985125.1_00004	5	{'hypothetical protein': 3, 'uncharacterized protein': 1, 'conserved hypothetical protein': 1}
GCA_902985125.1_00005	1	{'hypothetical protein': 1}
GCA_902985125.1_00007	1	{'hypothetical protein': 1}
GCA_902985125.1_00009	1	{'hypothetical protein': 1}
GCA_902985125.1_00011	1	{'hypothetical protein': 1}
GCA_902985125.1_00012	1	{'hypothetical protein': 1}
GCA_902985145.1_00001	2	{'INT_Rci_Hp1_C domain containing protein': 1, 'hypothetical protein': 1}
GCA_902985145.1_00048	1	{'hypothetical protein': 1}
GCA_902985145.1_00049	1	{'hypothetical protein': 1}
GCA_902985145.1_00050	1	{'hypothetical protein': 1}
GCA_902985145.1_00051	1	{'hypothetical protein': 1}
GCA_902985145.1_00052	1	{'hypothetical protein': 1}
GCA_902985145.1_00053	1	{'hypothetical protein': 1}
GCA_902985165.1_00016	1	{'hypothetical protein': 1}
GCA_902985165.1_00017	1	{'hypothetical protein': 1}
GCA_902985165.1_00018	1	{'Collagen triple helix repeat': 1}
GCA_902985215.1_00047	1	{'hypothetical protein': 1}
GCA_902985215.1_00048	1	{'hypothetical protein': 1}
GCA_902985215.1_00049	1	{'hypothetical protein': 1}
GCA_902985215.1_00050	2	{'hypothetical protein': 2}
GCA_902985215.1_00055	1	{'hypothetical protein': 1}
GCA_902985305.1_00035	1	{'hypothetical protein': 1}
GCA_902985345.1_00044	1	{'hypothetical protein': 1}
GCA_902985345.1_00046	1	{'hypothetical protein': 1}
GCA_902985345.1_00047	1	{'hypothetical protein': 1}
GCA_902985345.1_00048	1	{'hypothetical protein': 1}
GCA_902985345.1_00049	1	{'hypothetical protein': 1}
GCA_902985345.1_00050	1	{'hypothetical protein': 1}
GCA_902985345.1_00051	1	{'hypothetical protein': 1}
GCA_902985345.1_00052	3	{'Protein of unknown function DUF932': 1, 'hypothetical protein': 2}
GCA_902985425.1_00024	1	{'hypothetical protein': 1}
GCA_902985425.1_00025	1	{'hypothetical protein': 1}
GCA_902985425.1_00026	1	{'hypothetical protein': 1}
GCA_902985425.1_00028	1	{'hypothetical protein': 1}
GCA_902985425.1_00029	1	{'RPO41 Mitochondrial DNA-directed RNA polymerase': 1}
GCA_902986145.1_00021	1	{'hypothetical protein': 1}
GCA_902986145.1_00022	1	{'Putative exodeoxyribonuclease 8%2C PDDEXK-like domain containing protein': 1}
GCA_902986145.1_00023	1	{'hypothetical protein': 1}
GCA_902986145.1_00024	1	{'hypothetical protein': 1}
GCA_902986145.1_00025	1	{'SSL2 DNA or RNA helicases of superfamily II': 1}
GCA_902986145.1_00026	1	{'SSL2 DNA or RNA helicases of superfamily II': 1}
GCA_902986145.1_00027	1	{'hypothetical protein': 1}
GCA_902986145.1_00028	1	{'hypothetical protein': 1}
GCA_902986145.1_00029	1	{'RPO41 Mitochondrial DNA-directed RNA polymerase': 1}
GCA_902986965.1_00001	1	{'hypothetical protein': 1}
GCA_902986965.1_00002	1	{'hypothetical protein': 1}
GCA_902986965.1_00045	2	{'hypothetical protein': 2}
GCA_902986965.1_00046	1	{'hypothetical protein': 1}
GCA_902986965.1_00047	2	{'hypothetical protein': 2}
GCA_902986965.1_00048	2	{'hypothetical protein': 2}
GCA_902986965.1_00049	2	{'hypothetical protein': 2}
GCA_902986965.1_00050	1	{'hypothetical protein': 1}
GCA_902986965.1_00051	1	{'hypothetical protein': 1}
GCA_902988585.1_00033	2	{'XerC Integrase': 2}
GCA_902988585.1_00034	5	{'hypothetical protein': 2, 'MarR family transcriptional regulator protein': 2, 'MarR Transcriptional regulators': 1}
GCA_902988585.1_00035	2	{'hypothetical protein': 2}
GCA_902988585.1_00036	2	{'hypothetical protein': 2}
GCA_902988585.1_00037	2	{'hypothetical protein': 2}
GCA_902988585.1_00041	1	{'hypothetical protein': 1}
GCA_902988665.1_00044	1	{'hypothetical protein': 1}
GCA_902988665.1_00045	1	{'hypothetical protein': 1}
GCA_902988665.1_00046	1	{'hypothetical protein': 1}
GCA_902988665.1_00047	1	{'hypothetical protein': 1}
GCA_902988665.1_00048	1	{'XerC Integrase': 1}
GCA_902988665.1_00050	1	{'HTH_XRE domain containing protein': 1}
GCA_902988665.1_00051	1	{'hypothetical protein': 1}
GCA_902988665.1_00052	1	{'hypothetical protein': 1}
GCA_902988665.1_00054	1	{'hypothetical protein': 1}
GCA_902989295.1_00008	1	{'hypothetical protein': 1}
GCA_902989295.1_00009	1	{'hypothetical protein': 1}
GCA_902989295.1_00010	1	{'hypothetical protein': 1}
GCA_902989295.1_00011	1	{'hypothetical protein': 1}
GCA_902989295.1_00012	1	{'hypothetical protein': 1}
GCA_902989295.1_00013	1	{'hypothetical protein': 1}
GCA_902989295.1_00014	1	{'hypothetical protein': 1}
GCA_902989295.1_00015	1	{'hypothetical protein': 1}
GCA_902989295.1_00016	1	{'hypothetical protein': 1}
GCA_902991005.1_00031	4	{'hypothetical protein': 2, 'integrase': 1, 'transcriptional regulator': 1}
GCA_902991005.1_00032	1	{'hypothetical protein': 1}
GCA_902991005.1_00033	1	{'hypothetical protein': 1}
GCA_902991005.1_00034	1	{'hypothetical protein': 1}
GCA_902991005.1_00035	1	{'hypothetical protein': 1}
GCA_902991005.1_00036	1	{'hypothetical protein': 1}
GCA_902991005.1_00037	1	{'hypothetical protein': 1}
GCA_902991005.1_00039	1	{'hypothetical protein': 1}
GCA_902993085.1_00018	1	{'hypothetical protein': 1}
GCA_902993085.1_00019	1	{'hypothetical protein': 1}
GCA_902993085.1_00020	1	{'hypothetical protein': 1}
GCA_902993085.1_00021	1	{'hypothetical protein': 1}
GCA_902993085.1_00022	1	{'hypothetical protein': 1}
GCA_902993085.1_00023	1	{'hypothetical protein': 1}
GCA_902993085.1_00024	1	{'hypothetical protein': 1}
GCA_902993085.1_00025	1	{'hypothetical protein': 1}
GCA_902993085.1_00026	1	{'hypothetical protein': 1}
GCA_903064455.1_00040	1	{'Ribonuclease H-like domain containing protein': 1}
GCA_903064455.1_00042	3	{'hypothetical protein': 3}
GCA_903064455.1_00043	1	{'hypothetical protein': 1}
GCA_903231675.1_00040	1	{'hypothetical protein': 1}
GCA_903231675.1_00041	1	{'hypothetical protein': 1}
GCA_903231675.1_00042	1	{'hypothetical protein': 1}
GCA_903231675.1_00044	1	{'hypothetical protein': 1}
GCA_903231675.1_00045	1	{'hypothetical protein': 1}
GCA_903231675.1_00046	1	{'MarR Transcriptional regulators': 1}
GCA_903233555.1_00003	2	{'hypothetical protein': 2}
GCA_903233555.1_00004	2	{'hypothetical protein': 2}
GCA_903233555.1_00005	2	{'D-alanyl-D-alanine carboxypeptidase': 2}
GCA_903233555.1_00006	2	{'hypothetical protein': 2}
GCA_903233555.1_00007	2	{'hypothetical protein': 2}
GCA_903233555.1_00008	2	{'hypothetical protein': 2}
GCF_002618025.1_00008	1	{'hypothetical protein': 1}
GCF_002618025.1_00011	1	{'caskin-2/caskin-1': 1}
GCF_002618025.1_00013	4	{'hypothetical protein': 4}
GCF_002618065.1_00025	1	{'DNA polymerase exonuclease subunit': 1}
GCF_002618065.1_00026	86	{'DNA polymerase exonuclease subunit': 26, 'hypothetical protein': 33, 'nucleoside triphosphate pyrophosphohydrolase': 1, 'endonuclease VII': 6, 'exonuclease': 5, 'DNA polymerase III exonuclease': 1, "3'-5' exonuclease": 6, 'DNA endonuclease VII': 1, 'RnaseH': 1, 'endonuclease type 7': 1, 'ribonuclease H': 1, 'putative exonuclease': 1, 'exonuclease VII': 2, 'DNA polymerase III epsilon subunit': 1}
GCF_002618085.1_00025	2	{'hypothetical protein': 2}
GCF_002618085.1_00032	2	{'hypothetical protein': 2}
GCF_002618485.1_00032	2	{'hypothetical protein': 2}
GCF_002618765.1_00021	7	{'hypothetical protein': 7}
GCF_002618765.1_00022	72	{'hypothetical protein': 70, 'putative structural protein': 1, 'putative secreted protein': 1}
GCF_002619365.1_00025	4	{'DNA ligase': 1, 'hypothetical protein': 1, 'CDL65263.1': 1, 'putative ATP-dependent DNA ligase': 1}
GCF_002619725.1_00001	1	{'hypothetical protein': 1}
GCA_002600045.1_00004	15	{'hypothetical protein': 15}
GCA_002604265.1_00030	6	{'hypothetical protein': 2, 'adenylyl-sulfate kinase': 1, 'nucleoside triphosphate pyrophosphohydrolase': 1, 'MazG-like nucleotide pyrophosphohydrolase': 1, 'endolysin%3B inhibits RNA polymerase': 1}
GCA_002618525.1_00031	9	{'hypothetical protein': 9}
GCA_002618525.1_00037	6	{'hypothetical protein': 6}
GCA_002618525.1_00038	7	{'hypothetical protein': 7}
GCA_002618525.1_00039	25	{'catalytic beta propeller domain of endosialidase': 1, 'hypothetical protein': 22, 'tail spike protein': 2}
GCA_002618525.1_00040	9	{'catalytic beta propeller domain of endosialidase': 1, 'Tail spike protein': 3, 'hypothetical protein': 3, 'tail spike protein': 2}
GCA_002629945.1_00003	14	{'hypothetical protein': 14}
GCA_002629945.1_00004	14	{'hypothetical protein': 14}
GCA_002629945.1_00048	13	{'hypothetical protein': 13}
GCA_002629945.1_00049	13	{'hypothetical protein': 13}
GCA_002629945.1_00051	13	{'hypothetical protein': 13}
GCA_002921815.1_00013	2	{'hypothetical protein': 1, 'DNA-directed RNA polymerase%2C phage-type': 1}
GCA_013086035.1_00002	5	{'hypothetical protein': 5}
GCA_013086035.1_00003	13	{'hypothetical protein': 11, 'gp90': 2}
GCA_013086035.1_00006	1	{'hypothetical protein': 1}
GCA_013112065.1_00042	21	{'putative DNA packaging protein small subunit': 1, 'terminase small subunit': 5, 'DNA maturation protein': 1, 'DNA packaging protein': 1, 'DNA packaging protein A': 3, 'Terminase%2C small subunit gp18': 5, 'DNA packaging/maturation protein A': 1, 'putative DNA packaging protein A': 1, 'DNA packaging protein%2C small subunit': 2, 'putative terminase small subunit': 1}
GCA_013112065.1_00043	1	{'putative terminase large subunit': 1}
GCA_013112085.1_00053	3	{'hypothetical protein': 3}
GCA_025084005.1_00040	1	{'hypothetical protein': 1}
GCA_025084025.1_00009	49	{'hypothetical protein': 25, 'exonuclease': 13, "putative 5'-3' exonuclease": 3, "5'-3' exonuclease": 1, 'RNaseH': 5, 'HNH endonuclease': 1, 'endonuclease': 1}
GCA_025084075.1_00049	5	{'endonuclease VII': 2, 'hypothetical protein': 2, 'DNA endonuclease VII': 1}
GCF_000858745.1_00004	2	{'uncharacterized protein': 1, 'conserved hypothetical protein': 1}
GCF_000864645.1_00002	13	{'hypothetical protein': 13}
GCF_000864645.1_00005	2	{'hypothetical protein': 2}
GCF_000867985.1_00001	7	{'HNH endonuclease': 1, 'hypothetical protein': 2, 'beta-galactosidase': 2, "putative 5'-3' exonuclease": 1, 'RNaseH': 1}
GCF_000867985.1_00004	6	{'hypothetical protein': 5, 'hypotheticla protein': 1}
GCF_000869785.1_00005	7	{'5': 1, 'hypothetical protein': 6}
GCF_000872125.1_00032	1	{'hypothetical protein': 1}
GCF_000872125.1_00033	1	{'hypothetical protein': 1}
GCF_000873225.1_00002	1	{'gp1': 1}
GCF_000873225.1_00004	1	{'gp4': 1}
GCF_000873225.1_00005	1	{'gp6': 1}
GCF_000873225.1_00006	1	{'gp8': 1}
GCF_000873225.1_00007	1	{'gp9': 1}
GCF_000873225.1_00008	1	{'gp9': 1}
GCF_000873225.1_00009	1	{'gp11': 1}
GCF_000873225.1_00010	1	{'gp11': 1}
GCF_000873225.1_00011	1	{'gp13': 1}
GCF_000873225.1_00015	2	{'gp16': 1, 'hypothetical protein': 1}
GCF_000902475.1_00001	1	{'gp0.2': 1}
GCF_000902475.1_00002	2	{'gp0.6': 1, 'putative S-adenosyl-L-methionine hydrolase': 1}
GCF_000902475.1_00003	2	{'gp0.6': 1, 'hypothetical protein': 1}
GCF_000902475.1_00004	30	{'gp0.65': 1, 'hypothetical protein': 27, 'restriction-modification evasion protein': 1, 'serine-threonine kinase': 1}
GCF_000903995.1_00025	4	{'hypothetical protein': 4}
GCF_000904255.1_00002	1	{'anti-restriction protein': 1}
GCF_000904255.1_00004	1	{'hypothetical protein': 1}
GCF_000904255.1_00005	1	{'hypothetical protein': 1}
GCF_000904255.1_00006	1	{'hypothetical protein': 1}
GCF_000904255.1_00007	3	{'hypothetical protein': 3}
GCF_000905455.1_00024	7	{'hypothetical protein': 2, 'putative flavin-dependent thymidylate synthase': 1, 'thymidylate synthase': 3, 'ribonucleotide reductase%2C small subunit': 1}
GCF_000905455.1_00025	1	{'putative flavin-dependent thymidylate synthase': 1}
GCF_000905455.1_00026	1	{'hypothetical protein': 1}
GCF_000905455.1_00027	3	{'hypothetical protein': 3}
GCF_000905455.1_00028	1	{'hypothetical protein': 1}
GCF_000905455.1_00030	1	{'hypothetical protein': 1}
GCF_000905455.1_00031	12	{'hypothetical protein': 12}
GCF_000905455.1_00034	3	{'hypothetical protein': 3}
GCF_000905455.1_00035	5	{'hypothetical protein': 5}
GCF_000905515.1_00033	2	{'hypothetical protein': 2}
GCF_000905515.1_00034	2	{'hypothetical protein': 2}
GCF_000905515.1_00036	2	{'hypothetical protein': 2}
GCF_000905515.1_00037	2	{'hypothetical protein': 2}
GCF_000905515.1_00041	2	{'hypothetical protein': 2}
GCF_000905515.1_00043	1	{'hypothetical protein': 1}
GCF_000905515.1_00044	1	{'hypothetical protein': 1}
GCF_000905795.2_00001	4	{'hypothetical protein': 4}
GCF_000905875.1_00003	1	{'hypothetical protein': 1}
GCF_000905875.1_00005	1	{'hypothetical protein': 1}
GCF_000906055.1_00040	2	{'hypothetical protein': 2}
GCF_000906055.1_00041	5	{'hypothetical protein': 5}
GCF_000914995.1_00022	1	{'hypothetical protein': 1}
GCF_000914995.1_00025	1	{'hypothetical protein': 1}
GCF_000915495.1_00005	60	{'hypothetical protein': 58, 'gp0.38': 1, 'Phage protein': 1}
GCF_000915775.1_00002	1	{'hypothetical protein': 1}
GCF_000915775.1_00003	1	{'hypothetical protein': 1}
GCF_000915775.1_00099	1	{'virion RNA polymerase': 1}
GCF_000915775.1_00100	1	{'virion structural protein': 1}
GCF_000916495.1_00017	1	{'hypothetical protein': 1}
GCF_000916495.1_00018	28	{'hypothetical protein': 4, 'DNA endonuclease VII': 3, 'endonuclease VII': 11, 'putative DNA exonuclease': 2, 'HNH homing endonuclease': 2, 'HNH endonuclease': 2, 'endonuclease': 3, 'exonuclease': 1}
GCF_000916495.1_00019	1	{'hypothetical protein': 1}
GCF_000916495.1_00021	1	{'exonuclease': 1}
GCF_000916695.1_00003	14	{'hypothetical protein': 13, 'virion structural protein': 1}
GCF_000916695.1_00005	1	{'hypothetical protein': 1}
GCF_000917035.1_00001	1	{'hypothetical protein': 1}
GCF_000917035.1_00002	182	{'ocr-like anti-restriction': 18, 'hypothetical protein': 108, 'Overcome classical restriction gp0.3': 35, 'overcome classical restriction': 1, 'restriction-modification evasion protein': 2, 'Ocr-like anti-restriction': 1, 'putative protein kinase': 1, 'DNA related protein': 1, 'putative restriction-modification evasion%2C mimics B-form DNA': 1, 'gp0.35': 1, 'DNA mimic ocr': 1, 'Orc protein': 1, 'protein kinase': 2, 'receptor binding protein kinase': 1, 'protein Ocr': 4, 'gp5': 1, 'ocr protein': 1, 'serine-threonine kinase': 1, 'putative antirestriction protein': 1}
GCF_000917035.1_00004	39	{'hypothetical protein': 29, 'Gene 0.4 protein': 10}
GCF_000917035.1_00006	6	{'hypothetical protein': 6}
GCF_000918515.1_00005	4	{'hypothetical protein': 4}
GCF_000918515.1_00007	3	{'hypothetical protein': 3}
GCF_002743475.1_00002	1	{'hypothetical protein': 1}
GCF_002743475.1_00004	4	{'hypothetical protein': 4}
GCF_002743475.1_00006	2	{'hypothetical protein': 2}
GCF_002743475.1_00051	1	{'hypothetical protein': 1}
GCF_002743475.1_00052	1	{'hypothetical protein': 1}
GCF_002743595.1_00025	3	{'hypothetical protein': 3}
GCF_002743595.1_00027	1	{'DNA ligase': 1}
GCF_002755275.1_00025	4	{'exonuclease': 1, "putative 5'-3' exonuclease protein": 3}
GCF_002755335.1_00030	2	{'hypothetical protein': 2}
GCF_002757895.1_00001	8	{'hypothetical protein': 6, 'GNAT family N-acetyltransferase': 1, 'putative acetyltransferase': 1}
GCF_002757895.1_00002	8	{'hypothetical protein': 8}
GCF_002956045.1_00001	2	{'hypothetical protein': 2}
GCA_009651575.1_00033	1	{'hypothetical protein': 1}
GCA_009651575.1_00034	1	{'hypothetical protein': 1}
GCA_009651575.1_00035	1	{'hypothetical protein': 1}
GCA_009651575.1_00037	1	{'hypothetical protein': 1}
GCA_009651575.1_00038	1	{'hypothetical protein': 1}
GCA_009651575.1_00040	1	{'hypothetical protein': 1}
GCA_009651575.1_00041	1	{'hypothetical protein': 1}
GCA_009651575.1_00042	1	{'hypothetical protein': 1}
GCA_009652595.1_00003	1	{'hypothetical protein': 1}
GCA_009652595.1_00005	1	{'hypothetical protein': 1}
GCA_009652595.1_00006	1	{'hypothetical protein': 1}
GCA_009652595.1_00007	1	{'hypothetical protein': 1}
GCA_009652595.1_00008	1	{'hypothetical protein': 1}
GCA_009652975.1_00024	1	{'putative cytosine-specific methyltransferase': 1}
GCA_009652975.1_00025	1	{'putative cytosine-specific methyltransferase': 1}
GCA_009652975.1_00026	1	{'hypothetical protein': 1}
GCA_009652975.1_00027	1	{'hypothetical protein': 1}
GCA_009652975.1_00028	1	{'hypothetical protein': 1}
GCA_009652975.1_00029	1	{'hypothetical protein': 1}
GCA_009652975.1_00030	1	{'hypothetical protein': 1}
GCA_009652975.1_00031	3	{'hypothetical protein': 3}
GCA_009652975.1_00032	1	{'hypothetical protein': 1}
GCA_009652975.1_00033	1	{'hypothetical protein': 1}
GCA_009653995.1_00025	1	{'hypothetical protein': 1}
GCA_009653995.1_00026	1	{'hypothetical protein': 1}
GCA_009653995.1_00027	1	{'hypothetical protein': 1}
GCA_009653995.1_00028	1	{'putative glutamine amidotransferase domain protein': 1}
GCA_009653995.1_00029	1	{'putative glutamine amidotransferase domain protein': 1}
GCA_009653995.1_00030	1	{'putative amidoligase enzyme': 1}
GCA_009653995.1_00031	1	{'hypothetical protein': 1}
GCA_009653995.1_00032	1	{'hypothetical protein': 1}
GCA_009653995.1_00033	1	{'hypothetical protein': 1}
GCA_009654915.1_00001	1	{'putative integrase': 1}
GCA_009654915.1_00003	1	{'hypothetical protein': 1}
GCA_009654915.1_00004	1	{'hypothetical protein': 1}
GCA_009654915.1_00005	1	{'hypothetical protein': 1}
GCA_009654915.1_00006	1	{'putative RNA polymerase': 1}
GCA_009654915.1_00040	1	{'hypothetical protein': 1}
GCA_009654915.1_00041	2	{'hypothetical protein': 2}
GCA_009654915.1_00042	1	{'hypothetical protein': 1}
GCA_009655935.1_00009	1	{'hypothetical protein': 1}
GCA_009655935.1_00011	1	{'hypothetical protein': 1}
GCA_009655935.1_00012	1	{'hypothetical protein': 1}
GCA_009655935.1_00013	1	{'hypothetical protein': 1}
GCA_009655935.1_00014	2	{'hypothetical protein': 2}
GCA_009655935.1_00015	1	{'hypothetical protein': 1}
GCA_009655935.1_00016	1	{'hypothetical protein': 1}
GCA_009655935.1_00017	1	{'hypothetical protein': 1}
GCA_009655935.1_00018	1	{'hypothetical protein': 1}
GCA_009656035.1_00001	1	{'hypothetical protein': 1}
GCA_009656035.1_00002	1	{'hypothetical protein': 1}
GCA_009656035.1_00003	1	{'hypothetical protein': 1}
GCA_009656035.1_00004	1	{'hypothetical protein': 1}
GCA_009656035.1_00005	1	{'hypothetical protein': 1}
GCA_009656035.1_00042	1	{'putative integrase': 1}
GCA_009656035.1_00044	1	{'hypothetical protein': 1}
GCA_009656035.1_00045	1	{'hypothetical protein': 1}
GCA_012360875.1_00026	24	{'hypothetical protein': 20, 'dNMP kinase': 1, 'ATP-binding protein': 1, 'putative deoxynucleoside monophosphate kinase': 1, 'probable E3 ubiquitin-protein ligase MID2': 1}
GCA_012587945.1_00011	79	{'hypothetical protein': 37, "5'-3' exonuclease": 1, 'putative endonuclease VII': 1, "putative 5'-3' exonuclease": 2, 'endonuclease': 2, 'putative DNA endonuclease VII': 2, 'HNH endonuclease': 5, 'beta-galactosidase': 4, 'HNHc domain-containing protein': 1, 'transcription elongation factor': 1, 'RNaseH': 7, 'endonuclease VII': 13, 'exonuclease': 2, 'putative HNH endonuclease': 1}
GCA_012615705.1_00021	1	{'hypothetical protein': 1}
GCA_012615705.1_00032	1	{'hypothetical protein': 1}
GCA_012615705.1_00033	1	{'hypothetical protein': 1}
GCA_012637005.1_00014	1	{'hypothetical protein': 1}
GCA_012637005.1_00019	1	{'hypothetical protein': 1}
GCA_012637005.1_00022	1	{'hypothetical protein': 1}
GCA_012637085.1_00045	1	{'hypothetical protein': 1}
GCA_012637085.1_00047	1	{'hypothetical protein': 1}
GCA_012637085.1_00050	5	{'hypothetical protein': 5}
GCA_012637085.1_00051	1	{'hypothetical protein': 1}
GCA_012637085.1_00052	1	{'hypothetical protein': 1}
GCA_012637085.1_00053	1	{'hypothetical protein': 1}
GCA_012637085.1_00054	1	{'hypothetical protein': 1}
GCA_012637085.1_00055	1	{'hypothetical protein': 1}
GCA_012637155.1_00024	1	{'hypothetical protein': 1}
GCA_012637155.1_00025	1	{'hypothetical protein': 1}
GCA_012637155.1_00027	2	{'hypothetical protein': 2}
GCA_012637155.1_00030	2	{'hypothetical protein': 2}
GCA_012637155.1_00031	1	{'hypothetical protein': 1}
GCA_012637155.1_00034	1	{'hypothetical protein': 1}
GCA_012637155.1_00035	1	{'hypothetical protein': 1}
GCA_018403885.2_00012	1	{'hypothetical protein': 1}
GCA_018403885.2_00014	1	{'hypothetical protein': 1}
GCA_018447975.1_00022	1	{'hypothetical protein': 1}
GCA_018447975.1_00023	1	{'hypothetical protein': 1}
GCA_018448055.1_00001	1	{'hypothetical protein': 1}
GCA_018448055.1_00002	1	{'hypothetical protein': 1}
GCA_018448055.1_00003	1	{'hypothetical protein': 1}
GCA_018448055.1_00004	1	{'hypothetical protein': 1}
GCA_018448605.1_00021	3	{'hypothetical protein': 3}
GCA_018448605.1_00022	1	{'hypothetical protein': 1}
GCA_018448605.1_00023	3	{'hypothetical protein': 3}
GCA_018448605.1_00025	1	{'hypothetical protein': 1}
GCA_018448605.1_00026	1	{'hypothetical protein': 1}
GCA_018448605.1_00028	1	{'hypothetical protein': 1}
GCA_018448605.1_00030	1	{'hypothetical protein': 1}
GCA_018535325.1_00024	5	{'hypothetical protein': 5}
GCA_018603575.1_00023	3	{'hypothetical protein': 3}
GCA_018612625.1_00041	1	{'hypothetical protein': 1}
GCA_018726285.1_00032	2	{'hypothetical protein': 2}
GCA_018726495.1_00002	3	{'hypothetical protein': 3}
GCA_020491635.2_00004	1	{'hypothetical protein': 1}
GCA_020491635.2_00006	1	{'hypothetical protein': 1}
GCA_020491995.1_00026	5	{'hypothetical protein': 2, 'recombination endonuclease VII protein': 2, 'endonuclease VII': 1}
GCA_020492065.1_00001	1	{'hypothetical protein': 1}
GCA_020492065.1_00053	1	{'hypothetical protein': 1}
GCA_020492065.1_00054	1	{'hypothetical protein': 1}
GCA_023571625.1_00002	2	{'hypothetical protein': 2}
GCA_023571645.1_00029	1	{'hypothetical protein': 1}
GCA_023571655.1_00009	1	{'hypothetical protein': 1}
GCA_023571655.1_00011	1	{'hypothetical protein': 1}
GCA_023571655.1_00012	4	{'hypothetical protein': 4}
GCA_023571655.1_00013	1	{'hypothetical protein': 1}
GCA_023571655.1_00015	2	{'hypothetical protein': 2}
GCA_023571655.1_00017	4	{'hypothetical protein': 4}
GCA_023571655.1_00019	1	{'hypothetical protein': 1}
GCA_023571675.1_00033	5	{'hypothetical protein': 3, 'nucleotide kinase': 2}
GCA_024671015.2_00024	1	{'hypothetical protein': 1}
GCA_024750295.1_00001	1	{'hypothetical protein': 1}
GCA_024750295.1_00004	14	{'hypothetical protein': 13, 'gp3': 1}
GCA_024750415.1_00046	1	{'hypothetical protein': 1}
GCA_025085855.1_00005	1	{'hypothetical protein': 1}
GCA_025204285.1_00014	4	{'hypothetical protein': 4}
GCA_025204285.1_00015	3	{'hypothetical protein': 3}
GCA_025380205.1_00047	1	{'hypothetical protein': 1}
GCA_025380205.1_00050	1	{'hypothetical protein': 1}
GCA_025380205.1_00052	1	{'hypothetical protein': 1}
GCA_025465905.1_00020	24	{'hypothetical protein': 23, 'HAMP domain-containing protein': 1}
GCF_002605045.1_00033	1	{'endonuclease VII': 1}
GCF_002605405.1_00025	2	{'DNA ligase': 1, 'hypothetical protein': 1}
GCF_002610045.1_00010	1	{'hypothetical protein': 1}
GCF_002610045.1_00013	1	{'hypothetical protein': 1}
GCF_002611585.1_00026	1	{'hypothetical protein': 1}
GCF_002611585.1_00029	1	{'hypothetical protein': 1}
GCF_002611585.1_00030	1	{'hypothetical protein': 1}
GCF_002611585.1_00031	365	{'endonuclease VII': 47, 'hypothetical protein': 132, 'endonuclease': 7, 'putative endonuclease': 3, 'recombination endonuclease VII': 6, 'DNA endonuclease VII': 29, 'putative DNA endonuclease VII': 6, 'DNA endonuclease': 1, 'exonuclease': 14, 'nucleotidyltransferase': 2, 'HNH endonuclease': 3, 'phosphoesterase': 5, 'DNA repair exonuclease': 1, 'putative oxidoreductase': 1, "5'-3' exonuclease": 2, 'ribonuclease H': 1, 'DNA polymerase exonuclease subunit': 20, 'DNA-directed RNA polymerase': 1, 'DNA-directed RNA polymerase protein': 2, 'recombination endonuclease VII protein': 2, 'recombination DNA endonuclease': 3, 'exonuclease VII': 3, 'putative exonuclease': 1, 'Recombination endonuclease VII': 1, 'metallo-dependent phosphoesterase': 1, 'putative poly(A) polymerase': 1, 'putative phosphoesterase': 1, 'putative phosphodiesterase': 1, 'metallo-phosphoesterase': 7, 'putative DNA exonuclease': 1, 'nucleotide kinase': 21, 'putative structural protein': 1, 'putative polynucleotide kinase/phosphatase': 3, 'polynucleotide kinase/phosphatase': 1, 'terminase small subunit / SaV-like protein': 1, 'terminase small subunit': 2, 'putative HNH endonuclease': 1, 'putative DNA endonuclease': 1, 'nucelotide kinase': 1, 'polynucleotide kinase': 10, 'gp24': 1, 'gp31': 1, "3'-5' exonuclease": 6, 'RnaseH': 1, 'metallo-dependent phosphatase': 1, 'putative DNA-dependent RNA polymerase': 2, 'putative recombination endonuclease VII': 1, 'putative RNA polymerase': 1, 'nucleotide pyrophosphohydrolase domain protein': 1, 'RNA polymerase': 1, 'phosphodiesterase': 1, 'metallo-phosphohydrolase': 1}
GCA_008215925.1_00037	1	{'hypothetical protein': 1}
GCA_008221325.1_00011	3	{'hypothetical protein': 3}
GCA_008690415.1_00028	31	{'hypothetical protein': 30, 'putative membrane protein': 1}
GCA_008690445.1_00051	1	{'hypothetical protein': 1}
GCA_008704695.1_00002	1	{'putative S-adenosyl-L-methionine hydrolase': 1}
GCA_020523135.1_00007	5	{'hypothetical protein': 5}
GCA_020523215.1_00025	10	{'hypothetical protein': 10}
GCA_020523225.1_00039	3	{'hypothetical protein': 1, 'DNA ligase': 1, 'RNA polymerase': 1}
GCA_020523225.1_00048	4	{'hypothetical protein': 4}
GCA_020523225.1_00049	4	{'hypothetical protein': 4}
GCA_020523225.1_00052	3	{'hypothetical protein': 3}
GCA_020523255.1_00027	4	{'hypothetical protein': 3, 'dATP/dGTP diphosphohydrolase': 1}
GCA_020523285.1_00016	8	{'hypothetical protein': 8}
GCA_023700115.1_00025	3	{'dNMP kinase': 3}
GCA_023716895.1_00035	147	{'hypothetical protein': 140, 'gp0.6A': 3, 'gp0.6a': 1, 'gene 0.65 protein': 1, 'putative 0.6A protein': 1, 'serine-threonine kinase': 1}
GCA_023716895.1_00036	1	{'hypothetical protein': 1}
GCA_023716895.1_00037	1	{'hypothetical protein': 1}
GCA_023731865.1_00009	1	{'hypothetical protein': 1}
GCA_023898935.1_00026	13	{'hypothetical protein': 5, 'DNA endonuclease VII': 1, 'putative DNA endonuclease VII': 2, 'endonuclease': 2, 'transcription elongation factor': 1, 'endonuclease VII': 2}
GCA_023898935.1_00032	3	{'hypothetical protein': 3}
GCA_024023215.1_00045	2	{'DNA ligase': 1, 'hypothetical protein': 1}
GCA_024023215.1_00051	1	{'hypothetical protein': 1}
GCF_000880255.1_00001	49	{'gp0.45': 2, 'hypothetical protein': 45, 'putative 0.6A protein': 1, 'putative transmembrane protein': 1}
GCF_000881355.2_00006	1	{'hypothetical protein': 1}
GCF_000883015.1_00027	1	{'endonuclease VII': 1}
GCF_000884875.1_00037	2	{'P36': 1, 'hypothetical protein': 1}
GCF_000884875.1_00038	12	{'P37': 1, 'hypothetical protein': 11}
GCF_000884875.1_00039	1	{'P38': 1}
GCF_002578645.1_00017	3	{'hypothetical protein': 2, 'superinfection exclusion protein': 1}
GCF_002578645.1_00018	1	{'hypothetical protein': 1}
GCF_002578645.1_00019	3	{'hypothetical protein': 3}
GCF_002578645.1_00022	67	{'tyrosine recombinase XerD (TIGR02225)': 1, 'integrase': 29, 'putative integrase': 7, 'tyrosine integrase': 2, 'XerC Integrase': 10, 'site-specific tyrosine integrase': 1, 'integrase protein': 1, 'hypothetical protein': 5, 'phage-related integrase': 1, 'conserved hypothetical protein': 1, 'Transcriptional regulators (MarR)': 1, 'Integrase (XerC)': 1, 'Integrase': 3, 'MarR Transcriptional regulators': 1, 'site-specific integrase': 1, 'transcriptional regulator': 2}
GCF_002578675.1_00033	1	{'hypothetical protein': 1}
GCF_002578675.1_00034	1	{'hypothetical protein': 1}
GCF_002578675.1_00035	1	{'hypothetical protein': 1}
GCF_002578675.1_00036	1	{'hypothetical protein': 1}
GCF_002578675.1_00037	1	{'hypothetical protein': 1}
GCF_002578675.1_00038	2	{'hypothetical protein': 2}
GCF_002578675.1_00039	16	{'Transcriptional regulators (MarR)': 2, 'integrase': 1, 'MarR family transcriptional regulator': 11, 'tyrosine recombinase XerD (TIGR02225)': 1, 'transcriptional regulator': 1}
GCF_002578725.1_00003	1	{'hypothetical protein': 1}
GCF_002578725.1_00043	1	{'hypothetical protein': 1}
GCF_002578725.1_00044	1	{'hypothetical protein': 1}
GCF_002578725.1_00045	1	{'YadA domain-containing structural protein': 1}
GCF_002582845.1_00014	1	{'hypothetical protein': 1}
GCF_002582845.1_00015	1	{'hypothetical protein': 1}
GCF_002582845.1_00016	1	{'hypothetical protein': 1}
GCF_002582845.1_00017	1	{'hypothetical protein': 1}
GCF_002582845.1_00018	1	{'hypothetical protein': 1}
GCF_002582845.1_00019	2	{'hypothetical protein': 2}
GCF_002582845.1_00020	2	{'hypothetical protein': 2}
GCF_002582845.1_00021	1	{'hypothetical protein': 1}
GCF_002582885.1_00028	1	{'hypothetical protein': 1}
GCF_002582885.1_00029	1	{'hypothetical protein': 1}
GCF_002582885.1_00030	1	{'hypothetical protein': 1}
GCF_002582885.1_00031	1	{'hypothetical protein': 1}
GCF_002582885.1_00032	1	{'hypothetical protein': 1}
GCF_002582885.1_00033	1	{'hypothetical protein': 1}
GCF_002582885.1_00034	1	{'hypothetical protein': 1}
GCF_002582885.1_00035	1	{'hypothetical protein': 1}
GCF_002602105.1_00028	56	{'exonuclease': 1, 'hypothetical protein': 18, "putative 5'-3' exonuclease": 2, "5'-3' exonuclease": 1, 'HNH endonuclease': 14, 'Recombination endonuclease VII': 1, 'putative HNH endonuclease': 10, 'HNH homing endonuclease': 4, 'putative NHN endonuclease': 1, 'putative HNH homing endonuclease': 2, 'HNH family endonuclease': 1, 'homing endonuclease': 1}
GCF_002602105.1_00030	7	{'hypothetical protein': 5, 'gp29': 1, 'endonuclease VII': 1}
GCF_002602105.1_00031	1	{'endonuclease VII': 1}
GCF_002602105.1_00034	2	{'hypothetical protein': 2}
GCF_002602585.1_00001	1	{'hypothetical protein': 1}
GCF_002602585.1_00003	2	{'DUF2188 domain-containing protein': 1, 'hypothetical protein': 1}
GCF_002603305.1_00048	1	{'hypothetical protein': 1}
GCF_002604545.1_00020	1	{'hypothetical protein': 1}
GCF_002604545.1_00023	1	{'hypothetical protein': 1}
GCF_002604545.1_00024	1	{'hypothetical protein': 1}
GCF_002604545.1_00025	1	{'hypothetical protein': 1}
GCF_002604545.1_00027	1	{'hypothetical protein': 1}
GCF_002604545.1_00028	86	{'hypothetical protein': 77, 'caskin-2/caskin-1': 1, 'putative andolysin': 1, 'hypotheticla protein': 1, '6': 1, 'late transcription factor VLTF-4': 1, 'andolysin': 2, 'gp7': 1, 'endolysin': 1}
GCF_002604705.1_00001	3	{'hypothetical protein': 3}
GCF_003505615.1_00033	1	{'hypothetical protein': 1}
GCF_003571865.1_00020	1	{'endolysin%3B inhibits RNA polymerase': 1}
GCF_003571865.1_00026	1	{'hypothetical protein': 1}
GCF_003575385.1_00001	4	{'hypothetical protein': 4}
GCF_003575425.1_00004	1	{'hypothetical protein': 1}
GCF_003575565.1_00067	3	{'virion structural protein': 1, 'hypothetical protein': 2}
GCF_003575725.1_00002	2	{'hypothetical protein': 2}
GCF_003601515.1_00003	2	{'hypothetical protein': 2}
GCF_003764565.1_00032	3	{'metallo-phosphoesterase': 2, 'hypothetical protein': 1}
GCF_003764565.1_00037	2	{'endonuclease': 2}
GCF_003764565.1_00038	2	{'endonuclease': 2}
GCF_003865535.1_00024	1	{'hypothetical protein': 1}
GCF_003865535.1_00027	2	{'metallo-phosphoesterase': 2}
GCF_003865535.1_00029	57	{'deoxynucleoside monophosphate kinase': 6, 'hypothetical protein': 37, 'nucleotide/nucleoside kinase': 1, 'deoxynucleotide monophosphate kinase': 1, 'dNMP kinase': 1, 'putative deoxynucleoside monophosphate kinase': 1, 'probable E3 ubiquitin-protein ligase MID2': 1, 'ATPase': 1, 'ATPase%2C kinase': 1, 'putative ATP-binding protein': 3, 'polynucleotide kinase': 3, 'ATP-binding protein': 1}
GCF_003929535.1_00023	1	{'hypothetical protein': 1}
GCF_003929535.1_00024	1	{'nucleic acid-binding%2C OB-fold protein': 1}
GCF_003929535.1_00026	1	{'P-loop containing nucleoside triphosphate hydrolase': 1}
GCF_003929535.1_00028	1	{'TMhelix containing protein': 1}
GCF_003929535.1_00029	1	{'metallo-dependent phosphatase-like protein': 1}
GCF_003929535.1_00030	16	{'metallo-dependent phosphatase-like protein': 2, 'putative DNA polymerase II small subunit': 2, 'hypothetical protein': 6, 'exonuclease': 2, 'metallo-dependent phosphatase': 2, 'MazG-like nucleotide pyrophosphohydrolase': 1, 'endonuclease VII': 1}
GCF_003929535.1_00032	1	{'PIN domain-like protein': 1}
GCF_003929535.1_00033	363	{'PIN domain-like protein': 1, 'hypothetical protein': 192, 'DNA endonuclease VII': 6, 'putative DNA exonuclease': 3, 'endonuclease VII': 33, 'exonuclease': 31, 'endonuclease': 13, 'DNA polymerase': 1, 'HNH homing endonuclease': 2, 'tRNA nucleotidyltransferase/poly(A) polymerase': 2, 'tRNA nucleotidyltransferase': 20, "5'-3' exonuclease": 6, 'putative tRNA nucleotidyltransferase': 4, 'putative HNH homing endonuclease': 1, 'HNH endonuclease': 5, 'nucleotidyltransferase': 9, 'putative exonuclease': 2, 'amino acid adenylation domain-containing protein': 1, 'putative DNA endonuclease': 3, 'HNH endonuclease motif protein': 1, 'DNA exonuclease': 2, 'beta-galactosidase': 8, "putative 5'-3' exonuclease": 2, 'HNHc domain-containing protein': 2, 'gp29': 1, 'putative DNA endonuclease VII': 1, 'ribonuclease H': 1, 'putative ribonuclease H': 1, 'recombination DNA endonuclease': 3, 'P42': 1, 'DNA polymerase I': 2, 'host RecBCD nuclease inhibitor': 2, 'phosphodiesterase': 1}
GCF_003991665.1_00022	3	{'putative ATP-binding protein': 3}
GCA_002922415.1_00057	2	{'Tail spike protein': 2}
GCA_002990555.1_00001	11	{'hypothetical protein': 10, 'putative cell division FtsZ inhibitor': 1}
GCA_002991145.1_00049	22	{'Spanin%2C inner membrane subunit': 11, 'phage lambda Rz1-like protein': 2, 'Rz-like spanin': 4, 'endopeptidase Rz': 2, 'terminase large subunit': 1, 'hypothetical protein': 1, 'Rz-1-like lysis protein': 1}
GCA_009861105.1_00033	1	{'hypothetical protein': 1}
GCA_010120115.1_00016	11	{'phosphoesterase': 4, "polynucleotide 5'-kinase/3'-phosphatase-like protein": 2, "putative polynucleotide 5' kinase/3' phosphatase": 2, 'hypothetical protein': 1, 'putative kinase-phosphatase': 1, 'polynucleotide kinase': 1}
GCA_010120305.1_00001	11	{'hypothetical protein': 6, 'endonuclease': 4, 'putative oxidoreductase': 1}
GCA_010120505.1_00030	8	{'putative phosphodiestherase': 2, 'hypothetical protein': 6}
GCA_012360275.1_00024	19	{'hypothetical protein': 19}
GCA_012360715.1_00009	1	{'hypothetical protein': 1}
GCA_012360715.1_00011	1	{'hypothetical protein': 1}
GCA_012360715.1_00015	1	{'hypothetical protein': 1}
GCA_012360715.1_00016	1	{'hypothetical protein': 1}
GCA_012360715.1_00017	1	{'hypothetical protein': 1}
GCA_012360875.1_00017	24	{'hypothetical protein': 23, 'DUF1707 domain-containing protein': 1}
GCA_012360875.1_00018	24	{'hypothetical protein': 21, 'pyrophosphatase': 1, 'DNA binding protein': 1, 'sn-glycerol-3-phosphate ABC transporter ATP-binding protein UgpC': 1}
GCA_012360875.1_00019	24	{'hypothetical protein': 21, 'pyrophosphatase': 1, 'DNA binding protein': 1, 'sn-glycerol-3-phosphate ABC transporter ATP-binding protein UgpC': 1}
GCA_012360875.1_00022	24	{'hypothetical protein': 15, 'recombination endonuclease VII': 1, 'endonuclease': 1, 'exonuclease': 1, 'endonuclease activity protein': 1, 'putative exonuclease': 1, 'endonuclease VII': 4}
GCA_012360875.1_00024	23	{'hypothetical protein': 18, 'dNMP kinase': 1, 'endonuclease': 2, 'putative deoxynucleoside monophosphate kinase': 1, 'ATP-binding protein': 1}
GCA_014488975.1_00001	1	{'hypothetical protein': 1}
GCA_014488975.1_00003	2	{'hypothetical protein': 2}
GCA_014488975.1_00041	1	{'hypothetical protein': 1}
GCA_014517445.1_00022	1	{'ribonucleotide reductase%2C small subunit': 1}
GCA_014517445.1_00023	1	{'ribonucleotide reductase%2C large subunit': 1}
GCA_014517445.1_00024	1	{'ribonucleotide reductase%2C large subunit': 1}
GCA_014518185.1_00011	21	{'hypothetical protein': 20, 'gp0.6A': 1}
GCA_014656775.1_00051	11	{'hypothetical protein': 11}
GCA_016835645.1_00021	1	{'hypothetical protein': 1}
GCA_016835645.1_00023	1	{'hypothetical protein': 1}
GCA_016835645.1_00024	1	{'hypothetical protein': 1}
GCA_016835645.1_00025	1	{'hypothetical protein': 1}
GCA_016835685.1_00026	1	{'hypothetical protein': 1}
GCA_016835685.1_00027	6	{'recombination endonuclease VII protein': 3, 'endonuclease VII': 3}
GCA_016835995.1_00025	4	{'hypothetical protein': 4}
GCA_016835995.1_00026	3	{'hypothetical protein': 3}
GCA_017654335.1_00006	1	{'hypothetical protein': 1}
GCA_017654335.1_00007	1	{'hypothetical protein': 1}
GCA_017654335.1_00009	1	{'hypothetical protein': 1}
GCA_017654335.1_00011	1	{'hypothetical protein': 1}
GCA_017654335.1_00013	1	{'hypothetical protein': 1}
GCA_017654335.1_00014	1	{'hypothetical protein': 1}
GCA_017654355.1_00001	1	{'hypothetical protein': 1}
GCA_017654355.1_00002	2	{'capsid protein': 1, 'major head protein': 1}
GCA_017903885.1_00034	2	{'hypothetical protein': 2}
GCA_017903885.1_00037	21	{'hypothetical protein': 21}
GCA_018215325.1_00026	1	{'hypothetical protein': 1}
GCA_018726495.1_00005	3	{'protein kinase': 2, 'protein kinase%3B inhibitor of host transcription%3B positively regulates RNaseIII%3B negatively on RNaseE': 1}
GCA_018982585.1_00026	2	{'hypothetical protein': 2}
GCA_019090055.1_00051	1	{'hypothetical protein': 1}
GCA_020493625.1_00046	38	{'Protein kinase 0.7': 13, 'hypothetical protein': 5, 'serine-threonine kinase': 12, 'protein kinase': 4, 'putative protein kinase': 1, 'serine/threonine kinase': 2, 'protein kinase%3B inhibitor of host transcription%3B positively regulates RNaseIII%3B negatively on RNaseE': 1}
GCA_020496975.1_00001	1	{'hypothetical protein': 1}
GCA_020496975.1_00006	14	{'hypothetical protein': 13, 'RNA polymerase': 1}
GCA_020496975.1_00009	1	{'hypothetical protein': 1}
GCA_020497025.1_00037	21	{'hypothetical protein': 21}
GCA_028897465.1_00001	1	{'hypothetical protein': 1}
GCA_028897465.1_00002	1	{'hypothetical protein': 1}
GCA_028897465.1_00003	1	{'hypothetical protein': 1}
GCA_028897465.1_00004	19	{'transcriptional regulator': 3, 'MarR family transcriptional regulator': 2, 'transcription regulator': 1, 'putative integrase': 1, 'MarR Transcriptional regulators': 5, 'MarR-type HTH domain containing protein': 1, 'XerC Integrase': 1, 'phage-related integrase': 1, 'conserved hypothetical protein': 1, 'integrase': 3}
GCA_028897605.1_00069	62	{'hypothetical protein': 3, 'virion RNA polymerase': 28, 'virion DNA-directed RNA polymerase': 1, 'RNA polymerase': 3, 'single subunit virion RNA polymerase': 2, 'Virion DNA-directed RNA polymerase': 7, 'RNA polymerase [Escherichia virus VEc25]': 1, 'DNA-directed RNA polymerase': 1, 'putative virion DNA-directed RNA polymerase': 2, 'virion-associated RNA polymerase': 1, 'virion RNA polymerase protein': 7, 'putative virion-associated RNA polymerase': 2, 'gp67': 1, 'putative virion RNA polymerase': 2, 'translation initiation factor 2': 1}
GCA_028897605.1_00074	5	{'hypothetical protein': 5}
GCA_029239665.1_00063	1	{'hypothetical protein': 1}
GCA_029376415.1_00001	1	{'hypothetical protein': 1}
GCA_029376415.1_00002	1	{'hypothetical protein': 1}
GCA_029376415.1_00003	1	{'hypothetical protein': 1}
GCA_029376415.1_00005	23	{'hypothetical protein': 17, 'hydroxylase': 3, 'putative 2OG-Fe(II) oxygenase superfamily protein': 1, 'membrane protein': 1, 'putative oxidoreductase': 1}
GCA_029376415.1_00050	1	{'hypothetical protein': 1}
GCA_029376425.1_00001	1	{'hypothetical protein': 1}
GCA_029376425.1_00002	6	{'hypothetical protein': 6}
GCA_029376425.1_00004	1	{'hypothetical protein': 1}
GCA_029376425.1_00029	2	{'head assembly': 1, 'capsid and scaffold protein': 1}
GCA_029376425.1_00030	1	{'hypothetical protein': 1}
GCA_029376425.1_00031	1	{'hypothetical protein': 1}
GCA_029376425.1_00032	1	{'Rz-like spanin': 1}
GCA_902810465.1_00031	18	{'hypothetical protein': 10, 'ATP dependent DNA lygase': 1, 'ATP dependent DNA ligase': 1, 'ATP-dependent DNA ligase': 6}
GCF_002149385.1_00026	1	{'DNA ligase': 1}
GCF_002149385.1_00028	2	{'hypothetical protein': 2}
GCF_002578345.1_00025	968	{'DNA-directed RNA polymerase': 171, 'Mitochondrial DNA-directed RNA polymerase (RPO41)': 3, 'RNA polymerase': 384, 'T7 RNA polymerase': 166, 'RPO41 Mitochondrial DNA-directed RNA polymerase': 14, 'putative RNA polymerase': 35, 'putative DNA-dependent RNA polymerase': 13, 'single subunit RNA polymerase': 1, 'putative DNA-directed RNA-polymerase': 2, 'DNA-directed RNA-polymerase': 1, 'N4-like RNA polymerase': 71, 'DNA-dependent RNA polymerase': 24, 'DNA dependent RNA polymerase': 2, 'DNA directed RNA polymerase': 1, 'hypothetical protein': 42, 'T3/T7-like RNA polymerase': 15, 'putative DNA-directed RNA polymerase': 3, 'DNA-directed RNA polymerase protein': 6, 'putative recombination endonuclease VII': 1, 'endonuclease VII': 1, 'RNA polymerase%2C single-subunit': 1, 'p32': 1, 'RNA polymerase%2C phage-associated': 1, 'RNA polymerase-like protein': 1, 'T3/ T7 like RNA polymerase': 1, 'putative DNA-dependent RNA polymerase protein': 1, 'putative ATP-dependent DNA ligase': 1, 'DNA-directed RNA polymerase%2C phage-type': 1, 'predicted protein': 1, 'T7-like ssDNA binding protein': 1, 'Gp2.5-like ssDNA binding protein and ssDNA annealing protein': 1, 'gp16': 1}
GCF_002578345.1_00029	1	{'hypothetical protein': 1}
GCF_002578345.1_00030	1	{'hypothetical protein': 1}
GCF_002578345.1_00032	1	{'hypothetical protein': 1}
GCF_002578345.1_00033	1	{'hypothetical protein': 1}
GCF_002578345.1_00034	1	{'hypothetical protein': 1}
GCF_002578525.1_00037	2	{'hypothetical protein': 2}
GCF_002578525.1_00039	1	{'hypothetical protein': 1}
GCF_002578525.1_00040	1	{'hypothetical protein': 1}
GCF_002578525.1_00041	2	{'hypothetical protein': 2}
GCF_002578525.1_00042	1	{'hypothetical protein': 1}
GCF_002578525.1_00044	1	{'hypothetical protein': 1}
GCF_002578525.1_00045	1	{'hypothetical protein': 1}
GCF_002578555.1_00004	1	{'hypothetical protein': 1}
GCF_002578555.1_00005	2	{'hypothetical protein': 1, 'VCBS repeat protein': 1}
GCF_002578555.1_00006	1	{'hypothetical protein': 1}
GCF_002578555.1_00007	2	{'hypothetical protein': 2}
GCF_002578555.1_00008	2	{'hypothetical protein': 2}
GCF_002578605.1_00026	1	{'hypothetical protein': 1}
GCF_002578605.1_00027	1	{'hypothetical protein': 1}
GCF_002578605.1_00028	1	{'hypothetical protein': 1}
GCF_002578605.1_00030	1	{'hypothetical protein': 1}
GCF_002578605.1_00031	1	{'hypothetical protein': 1}
GCF_002578605.1_00032	1	{'C-5 cytosine-specific DNA methylase': 1}
GCF_002578605.1_00033	1	{'hypothetical protein': 1}
GCF_002578605.1_00034	1	{'hypothetical protein': 1}
GCF_003226655.1_00048	242	{'terminase large subunit': 110, 'putative terminase large subunit': 7, 'Terminase%2C large subunit gp19': 73, 'DNA packaging protein B': 7, 'hypothetical protein': 29, 'putative DNA packaging protein B': 2, 'putative DNA packaging protein': 1, 'DNA packaging protein': 5, 'Rz-like spanin': 1, 'endopeptidase Rz': 1, 'DNA maturation protein': 2, 'large terminase': 1, 'DNA maturase B': 3}
GCF_003226655.1_00049	9	{'hypothetical protein': 9}
GCF_003288515.1_00012	1	{'hypothetical protein': 1}
GCF_003288515.1_00013	1	{'hypothetical protein': 1}
GCF_003288515.1_00014	1	{'hypothetical protein': 1}
GCF_003288515.1_00015	1	{'hypothetical protein': 1}
GCF_003288515.1_00016	1	{'hypothetical protein': 1}
GCF_003288515.1_00017	1	{'hypothetical protein': 1}
GCF_003288515.1_00018	1	{'hypothetical protein': 1}
GCF_003288515.1_00019	1	{'DNA ligase': 1}
GCF_003288515.1_00021	1	{'hypothetical protein': 1}
GCF_003308735.1_00001	1	{'hypothetical protein': 1}
GCF_003308735.1_00002	1	{'hypothetical protein': 1}
GCF_003308735.1_00003	1	{'hypothetical protein': 1}
GCF_003308735.1_00006	1	{'hypothetical protein': 1}
GCF_003308735.1_00007	1	{'hypothetical protein': 1}
GCF_003308735.1_00008	1	{'hypothetical protein': 1}
GCF_003308735.1_00009	1	{'hypothetical protein': 1}
GCF_003308735.1_00010	1	{'hypothetical protein': 1}
GCF_003308735.1_00011	1	{'hypothetical protein': 1}
GCF_003308735.1_00012	1	{'hypothetical protein': 1}
GCF_003308735.1_00013	1	{'hypothetical protein': 1}
GCF_003308855.1_00002	3	{'hypothetical protein': 3}
GCF_003308855.1_00007	13	{'hypothetical protein': 12, 'glycosyltransferase': 1}
GCF_003308855.1_00009	23	{'hypothetical protein': 22, 'glycosyltransferase': 1}
GCF_003308855.1_00010	4	{'anti-repressor Ant': 3, 'hypothetical protein': 1}
GCF_003341035.1_00047	2	{'hypothetical protein': 2}
GCA_006384715.1_00006	1	{'hypothetical protein': 1}
GCA_006384715.1_00008	1	{'hypothetical protein': 1}
GCA_006384715.1_00009	1	{'hypothetical protein': 1}
GCA_006384715.1_00010	1	{'hypothetical protein': 1}
GCA_006384715.1_00011	1	{'hypothetical protein': 1}
GCA_006384715.1_00012	1	{'hypothetical protein': 1}
GCA_006516675.1_00002	1	{'hypothetical protein': 1}
GCA_006516695.1_00001	1	{'hypothetical protein': 1}
GCA_006516695.1_00004	1	{'hypothetical protein': 1}
GCA_006516695.1_00005	1	{'hypothetical protein': 1}
GCA_006516695.1_00006	1	{'integrase': 1}
GCA_006516695.1_00007	4	{'integrase': 2, 'hemagglutinin A like protein': 1, 'integrase (XerC)': 1}
GCA_006516695.1_00010	1	{'hypothetical protein': 1}
GCA_006516695.1_00011	1	{'hypothetical protein': 1}
GCA_006516715.1_00001	1	{'hypothetical protein': 1}
GCA_006516715.1_00004	2	{'hypothetical protein': 2}
GCA_006516715.1_00005	1	{'hypothetical protein': 1}
GCA_006516715.1_00006	2	{'hypothetical protein': 1, 'histone acetyltransferase type B catalytic subunit': 1}
GCA_006516715.1_00007	2	{'hypothetical protein': 2}
GCA_006516715.1_00008	8	{'hypothetical protein': 7, 'cor repressor': 1}
GCA_006516715.1_00009	2	{'hypothetical protein': 1, 'mucin-22 like protein': 1}
GCA_006516715.1_00056	1	{'putative peptidase': 1}
GCA_006516735.1_00006	2	{'hypothetical protein': 2}
GCA_006516735.1_00054	1	{'hypothetical protein': 1}
GCA_006516755.1_00003	1	{'hypothetical protein': 1}
GCA_006516755.1_00007	9	{'hypothetical protein': 9}
GCA_006516775.1_00001	6	{'hypothetical protein': 6}
GCA_006516775.1_00006	1	{'hypothetical protein': 1}
GCA_006516775.1_00008	1	{'hypothetical protein': 1}
GCA_006516775.1_00009	1	{'hypothetical protein': 1}
GCA_006516775.1_00012	13	{'hypothetical protein': 12, 'MarR family transcriptional regulator': 1}
GCA_006516795.1_00002	12	{'hypothetical protein': 11, 'Sel1 repeat family protein': 1}
GCA_006516795.1_00004	2	{'hypothetical protein': 1, 'N-acetyl-anhydromuranmyl-L-alanine amidase': 1}
GCA_006516795.1_00006	1	{'hypothetical protein': 1}
GCA_006516795.1_00007	1	{'hypothetical protein': 1}
GCA_006516815.1_00001	2	{'hypothetical protein': 2}
GCA_006516815.1_00002	2	{'hypothetical protein': 2}
GCF_000906055.1_00042	1	{'hypothetical protein': 1}
GCF_000906055.1_00045	1	{'thymidylate synthase': 1}
GCF_000906115.1_00032	1	{'hypothetical protein': 1}
GCF_000906115.1_00033	1	{'hypothetical protein': 1}
GCF_000906115.1_00034	1	{'hypothetical protein': 1}
GCF_000906115.1_00035	1	{'hypothetical protein': 1}
GCF_000906115.1_00036	1	{'hypothetical protein': 1}
GCF_000906115.1_00037	1	{'DNA primase/helicase': 1}
GCF_000906115.1_00039	1	{'hypothetical protein': 1}
GCF_000906315.1_00001	1	{'hypothetical protein': 1}
GCF_000907035.1_00007	1	{'hypothetical protein': 1}
GCF_000907035.1_00008	1	{'hypothetical protein': 1}
GCF_000907035.1_00009	1	{'hypothetical protein': 1}
GCF_000907035.1_00011	1	{'hypothetical protein': 1}
GCF_000911455.1_00026	101	{'endolysin%3B inhibits RNA polymerase': 2, 'hypothetical protein': 86, 'holin': 1, 'putative AAT_I superfamily protein': 1, "putative polynucleotide 5' kinase/3' phosphatase": 2, "polynucleotide 5'-kinase/3'-phosphatase-like protein": 2, 'anti-termination protein Q-like': 1, 'gp32': 1, 'polynucleotide kinase': 3, 'dATP/dGTP diphosphohydrolase': 1, 'dATP / dGTP pyrophosphohydrolase': 1}
GCF_000911455.1_00032	9	{'hypothetical protein': 9}
GCF_001501535.1_00116	1	{'virion RNA polymerase': 1}
GCF_001503235.1_00032	1	{'hypothetical protein': 1}
GCF_001503235.1_00033	1	{'hypothetical protein': 1}
GCF_001503235.1_00034	1	{'hypothetical protein': 1}
GCF_001503235.1_00035	1	{'hypothetical protein': 1}
GCF_001503235.1_00037	3	{'hypothetical protein': 3}
GCF_001503235.1_00038	1	{'hypothetical protein': 1}
GCF_001503235.1_00040	1	{'hypothetical protein': 1}
GCF_001503235.1_00041	1	{'hypothetical protein': 1}
GCF_001503235.1_00042	1	{'hypothetical protein': 1}
GCF_001503235.1_00044	1	{'hypothetical protein': 1}
GCF_001503655.1_00042	1	{'hypothetical protein': 1}
GCF_001503795.1_00002	1	{'hypothetical protein': 1}
GCF_001503875.1_00032	1	{'DNA polymerase exonuclease subunit': 1}
GCF_001503995.1_00037	1	{'DNA polymerase exonuclease subunit': 1}
GCF_001503995.1_00041	2	{'endolysin%3B inhibits RNA polymerase': 1, 'hypothetical protein': 1}
GCF_001550525.1_00033	9	{'holin': 2, 'hypothetical protein': 5, 'putative terminase small subunit': 1, 'DNA packaging/maturation protein A': 1}
GCF_001550525.1_00034	3	{'tail fiber protein': 3}
GCF_001736815.1_00038	1	{'hypothetical protein': 1}
GCF_001736815.1_00039	1	{'hypothetical protein': 1}
GCF_001736815.1_00043	2	{'hypothetical protein': 2}
GCF_001736815.1_00044	1	{'hypothetical protein': 1}
GCF_001736815.1_00046	2	{'hypothetical protein': 2}
GCF_001745895.1_00002	2	{'hypothetical protein': 2}
GCF_001745895.1_00009	3	{'hypothetical protein': 3}
GCF_002957185.1_00002	4	{'hypothetical protein': 4}
GCF_002957385.1_00055	1	{'hypothetical protein': 1}
GCF_002957545.1_00003	1	{'hypothetical protein': 1}
GCF_002957545.1_00048	3	{'hypothetical protein': 3}
GCF_002957545.1_00049	1	{'hypothetical protein': 1}
GCF_002957545.1_00050	6	{'endolysin': 1, 'hypothetical protein': 5}
GCF_002957545.1_00051	3	{'hypothetical protein': 3}
GCF_002957545.1_00052	3	{'hypothetical protein': 2, 'metallo-phosphoesterase': 1}
GCF_002957545.1_00053	1	{'hypothetical protein': 1}
GCF_002957955.1_00001	1	{'hypothetical protein': 1}
GCF_002958225.1_00004	3	{'hypothetical protein': 3}
GCF_002958225.1_00005	3	{'hypothetical protein': 3}
GCF_002958225.1_00006	2	{'hypothetical protein': 2}
GCF_002958455.1_00013	1	{'hypothetical protein': 1}
GCA_009656415.1_00037	1	{'hypothetical protein': 1}
GCA_009656415.1_00039	2	{'hypothetical protein': 2}
GCA_009656415.1_00040	1	{'hypothetical protein': 1}
GCA_009656415.1_00041	1	{'hypothetical protein': 1}
GCA_009656415.1_00042	1	{'hypothetical protein': 1}
GCA_009656415.1_00043	1	{'hypothetical protein': 1}
GCA_009656415.1_00044	1	{'hypothetical protein': 1}
GCA_009656435.1_00026	1	{'hypothetical protein': 1}
GCA_009656435.1_00027	1	{'hypothetical protein': 1}
GCA_009656435.1_00028	1	{'hypothetical protein': 1}
GCA_009656435.1_00029	1	{'hypothetical protein': 1}
GCA_009656435.1_00030	1	{'hypothetical protein': 1}
GCA_009656435.1_00031	1	{'putative deoxynucleotide monophosphate kinase': 1}
GCA_009656435.1_00032	1	{'hypothetical protein': 1}
GCA_009656435.1_00033	1	{'hypothetical protein': 1}
GCA_009656755.1_00023	1	{'hypothetical protein': 1}
GCA_009656755.1_00024	1	{'hypothetical protein': 1}
GCA_009656755.1_00025	1	{'hypothetical protein': 1}
GCA_009656755.1_00026	1	{'hypothetical protein': 1}
GCA_009656755.1_00027	1	{'hypothetical protein': 1}
GCA_009656755.1_00028	1	{'hypothetical protein': 1}
GCA_009656755.1_00029	4	{'hypothetical protein': 1, 'lysozyme murein hydrolase': 1, 'lysozyme': 2}
GCA_009656755.1_00030	1	{'hypothetical protein': 1}
GCA_009657555.1_00037	1	{'hypothetical protein': 1}
GCA_009657555.1_00038	1	{'hypothetical protein': 1}
GCA_009657555.1_00039	1	{'hypothetical protein': 1}
GCA_009657555.1_00040	4	{'hypothetical protein': 4}
GCA_009657555.1_00041	1	{'hypothetical protein': 1}
GCA_009657555.1_00042	1	{'hypothetical protein': 1}
GCA_009657555.1_00043	1	{'hypothetical protein': 1}
GCA_009657555.1_00044	1	{'hypothetical protein': 1}
GCA_009658575.1_00037	3	{'hypothetical protein': 3}
GCA_009658575.1_00038	2	{'hypothetical protein': 2}
GCA_009658575.1_00039	3	{'putative DNA ligase': 2, 'hypothetical protein': 1}
GCA_009659195.1_00012	1	{'hypothetical protein': 1}
GCA_009659335.1_00001	1	{'hypothetical protein': 1}
GCA_009659335.1_00002	1	{'hypothetical protein': 1}
GCA_009659335.1_00003	1	{'hypothetical protein': 1}
GCA_009659335.1_00004	1	{'hypothetical protein': 1}
GCA_009659335.1_00005	1	{'hypothetical protein': 1}
GCA_009659335.1_00006	1	{'hypothetical protein': 1}
GCA_009659335.1_00007	1	{'hypothetical protein': 1}
GCA_009659335.1_00008	1	{'hypothetical protein': 1}
GCA_009659335.1_00009	1	{'hypothetical protein': 1}
GCA_009659335.1_00052	1	{'hypothetical protein': 1}
GCA_009659335.1_00053	1	{'hypothetical protein': 1}
GCA_009659335.1_00054	1	{'hypothetical protein': 1}
GCA_009659335.1_00055	1	{'hypothetical protein': 1}
GCA_009659335.1_00056	1	{'hypothetical protein': 1}
GCA_009659355.1_00027	1	{'hypothetical protein': 1}
GCA_009659355.1_00028	1	{'hypothetical protein': 1}
GCA_009659355.1_00029	1	{'hypothetical protein': 1}
GCA_009659355.1_00030	1	{'hypothetical protein': 1}
GCA_009659355.1_00031	1	{'hypothetical protein': 1}
GCA_009659355.1_00032	1	{'hypothetical protein': 1}
GCA_009659355.1_00033	1	{'hypothetical protein': 1}
GCA_009659355.1_00034	5	{'hypothetical protein': 4, 'gp9': 1}
GCA_009659355.1_00035	1	{'hypothetical protein': 1}
GCA_009659355.1_00036	1	{'hypothetical protein': 1}
GCA_009659355.1_00037	1	{'hypothetical protein': 1}
GCA_009659355.1_00038	2	{'hypothetical protein': 2}
GCA_009659355.1_00039	1	{'putative GTP pyrophosphokinase': 1}
GCA_009797585.2_00002	3	{'hypothetical protein': 3}
GCA_009797585.2_00003	4	{'hypothetical protein': 4}
GCA_009797585.2_00007	5	{'hypothetical protein': 5}
GCA_009797585.2_00008	5	{'hypothetical protein': 5}
GCA_009797585.2_00009	4	{'hypothetical protein': 4}
GCA_009797585.2_00010	4	{'hypothetical protein': 4}
GCA_009797585.2_00011	3	{'hypothetical protein': 3}
GCA_009797585.2_00012	3	{'hypothetical protein': 3}
GCA_009799845.1_00027	28	{'hypothetical protein': 27, 'putative secreted protein': 1}
GCA_009828395.2_00002	1	{'hypothetical protein': 1}
GCA_009861105.1_00032	2	{'hypothetical protein': 2}
GCA_015147065.1_00001	1	{'hypothetical protein': 1}
GCA_015244875.1_00004	1	{'zinc peptidase': 1}
GCA_015244875.1_00007	1	{'SPFH-domain membrane protein': 1}
GCA_015244875.1_00008	1	{'SPFH-domain membrane protein': 1}
GCA_015244875.1_00009	1	{'hypothetical protein': 1}
GCA_015244875.1_00012	1	{'putative membrane protein': 1}
GCA_015502145.1_00012	27	{'hypothetical protein': 27}
GCA_015502145.1_00014	7	{'hypothetical protein': 7}
GCA_015502145.1_00018	2	{'hypothetical protein': 1, 'lipase': 1}
GCA_015502225.1_00037	1	{'hypothetical protein': 1}
GCA_015502225.1_00038	2	{'hypothetical protein': 2}
GCA_015502225.1_00040	1	{'hypothetical protein': 1}
GCA_015502225.1_00044	3	{'hypothetical protein': 3}
GCA_016455525.1_00003	2	{'hypothetical protein': 2}
GCA_016600835.1_00006	1	{'hypothetical protein': 1}
GCA_016600835.1_00051	1	{'hypothetical protein': 1}
GCA_016600835.1_00053	3	{'hypothetical protein': 3}
GCA_016600855.1_00022	7	{'hypothetical protein': 7}
GCA_016600855.1_00023	1	{'hypothetical protein': 1}
GCA_016600855.1_00025	1	{'hypothetical protein': 1}
GCA_016600855.1_00026	7	{'hypothetical protein': 3, 'DNA endonuclease VII': 1, 'endonuclease VII': 2, 'exonuclease VII': 1}
GCA_016600895.1_00003	2	{'hypothetical protein': 2}
GCA_016600895.1_00005	3	{'hypothetical protein': 3}
GCA_016600895.1_00009	1	{'hypothetical protein': 1}
GCA_019095845.1_00027	1	{'hypothetical protein': 1}
GCA_019466435.1_00044	1	{'hypothetical protein': 1}
GCA_019466435.1_00047	2	{'hypothetical protein': 2}
GCA_019466435.1_00048	34	{'hypothetical protein': 32, 'gp4': 1, '2': 1}
GCA_019466435.1_00052	1	{'hypothetical protein': 1}
GCA_020472965.1_00006	1	{'hypothetical protein': 1}
GCA_020472965.1_00009	1	{'tailspike': 1}
GCA_020472965.1_00052	1	{'DNA-directed RNA polymerase': 1}
GCA_020473815.1_00014	1	{'DNA polymerase III beta subunit': 1}
GCA_020473815.1_00015	1	{'hypothetical protein': 1}
GCA_020473815.1_00016	1	{'hypothetical protein': 1}
GCA_020473815.1_00017	1	{'hypothetical protein': 1}
GCA_020473815.1_00018	1	{'hypothetical protein': 1}
GCA_020473815.1_00019	1	{'hypothetical protein': 1}
GCA_020473815.1_00022	1	{'hypothetical protein': 1}
GCA_020473815.1_00023	1	{'hypothetical protein': 1}
GCA_020473815.1_00024	1	{'hypothetical protein': 1}
GCA_020474945.1_00021	7	{'hypothetical protein': 5, "5'-3' exonuclease": 1, "putative 5'-3' exonuclease protein": 1}
GCA_020475045.1_00035	6	{'hypothetical protein': 3, 'endonuclease VII': 2, 'metallo-phosphoesterase': 1}
GCA_020476795.1_00005	3	{'Hydrolase_2 domain-containing protein': 1, 'hypothetical protein': 2}
GCA_020476795.1_00008	1	{'hypothetical protein': 1}
GCA_020476795.1_00009	1	{'hypothetical protein': 1}
GCA_025084105.1_00027	39	{'hypothetical protein': 34, 'gp1.8': 1, 'gp24': 1, 'HNH endonuclease': 1, 'nucleotide kinase': 1, 'deoxynucleoside monophosphate kinase': 1}
GCA_025084115.1_00020	2	{'hypothetical protein': 2}
GCA_025084135.1_00037	23	{'endonuclease VII': 3, 'hypothetical protein': 16, 'putative HNH endonuclease': 1, 'HNH endonuclease': 2, 'putative DNA endonuclease VII': 1}
GCA_025790155.1_00026	1	{'hypothetical protein': 1}
GCA_025790155.1_00028	1	{'hypothetical protein': 1}
GCA_025989885.1_00023	1	{'hypothetical protein': 1}
GCA_028389935.1_00002	3	{'hypothetical protein': 3}
GCA_028389935.1_00006	2	{'hypothetical protein': 2}
GCA_028389955.1_00025	2	{'DNA ligase': 1, 'hypothetical protein': 1}
GCA_028389965.1_00026	2	{'hypothetical protein': 2}
GCA_028389965.1_00029	3	{'hypothetical protein': 3}
GCA_028389965.1_00030	2	{'DNA-dependent RNA polymerase': 1, 'DNA-directed RNA polymerase': 1}
GCA_028420335.1_00028	6	{'DNA ligase': 4, 'hypothetical protein': 1, 'putative ATP-dependent DNA ligase': 1}
GCA_028674745.1_00021	80	{'DNA polymerase': 23, 'hypothetical protein': 39, 'DNA polymerase I': 4, 'DNA-directed DNA polymerase': 2, 'DNA polymerase family A': 4, 'DNA Polymerase-binding protein': 1, 'endolysin%3B inhibits RNA polymerase': 1, 'putative DNA polymerase I': 3, 'putative DNA polymerase I protein': 3}
GCF_000927515.1_00024	34	{'exonuclease': 4, 'hypothetical protein': 10, "5'-3' exonuclease": 13, 'DNA exonuclease': 3, "putative 5'-3' exonuclease": 4}
GCF_000927515.1_00028	1	{'hypothetical protein': 1}
GCF_000928875.1_00044	1	{'hypothetical protein': 1}
GCF_000929515.1_00001	1	{'hypothetical protein': 1}
GCF_000929515.1_00003	3	{'hypothetical protein': 3}
GCF_000929515.1_00004	1	{'hypothetical protein': 1}
GCF_000929515.1_00005	1	{'hypothetical protein': 1}
GCF_000929515.1_00007	1	{'hypothetical protein': 1}
GCF_000929515.1_00009	1	{'hypothetical protein': 1}
GCF_000929555.1_00004	2	{'hypothetical protein': 2}
GCF_000929555.1_00005	1	{'hypothetical protein': 1}
GCF_000929555.1_00008	3	{'hypothetical protein': 3}
GCF_000929555.1_00062	2	{'hypothetical protein': 2}
GCF_001040975.1_00004	1	{'hypothetical protein': 1}
GCF_001041455.1_00001	4	{'hypothetical protein': 4}
GCF_001041455.1_00002	1	{'hypothetical protein': 1}
GCF_001041455.1_00003	41	{'hypothetical protein': 39, 'gp4': 1, '2': 1}
GCF_001041455.1_00004	3	{'hypothetical protein': 3}
GCF_002613725.1_00024	2	{'hypothetical protein': 1, 'DNA exonuclease': 1}
GCF_002614225.1_00004	20	{'hypothetical protein': 19, 'serine-threonine kinase': 1}
GCF_002615605.1_00003	1	{'hypothetical protein': 1}
GCF_002615685.1_00093	1	{'RNA polymerase': 1}
GCF_002615685.1_00094	5	{'RNA polymerase': 1, 'DNA-directed RNA polymerase': 1, 'hypothetical protein': 2, 'RNAP1-like protein': 1}
GCF_002615685.1_00096	2	{'hypothetical protein': 2}
GCF_002615685.1_00097	1	{'hypothetical protein': 1}
GCF_002615685.1_00098	1	{'hypothetical protein': 1}
GCF_002615685.1_00099	1	{'hypothetical protein': 1}
GCF_002615685.1_00100	1	{'hypothetical protein': 1}
GCF_002615685.1_00101	1	{'hypothetical protein': 1}
GCF_002615685.1_00102	1	{'hypothetical protein': 1}
GCF_002615685.1_00103	1	{'hypothetical protein': 1}
GCF_002615685.1_00104	1	{'hypothetical protein': 1}
GCF_002615685.1_00105	1	{'hypothetical protein': 1}
GCF_002615685.1_00106	1	{'hypothetical protein': 1}
GCF_002617405.1_00027	1	{'DNA polymerase exonuclease subunit': 1}
GCF_002617405.1_00029	17	{'hypothetical protein': 16, 'endolysin%3B inhibits RNA polymerase': 1}
GCF_002617905.1_00025	1	{'hypothetical protein': 1}
GCF_002617905.1_00030	2	{'putative poly(A) polymerase': 1, 'nucleotidyltransferase': 1}
GCF_002617945.1_00001	1	{'hypothetical protein': 1}
GCF_002617945.1_00003	6	{'hypothetical protein': 6}
GCF_002617945.1_00004	1	{'hypothetical protein': 1}
GCF_002617945.1_00008	2	{'hypothetical protein': 1, 'putative andolysin': 1}
GCF_002617945.1_00054	2	{'hypothetical protein': 2}
GCF_002627165.1_00023	2	{'HNH endonuclease': 1, 'hypothetical protein': 1}
GCF_002627265.1_00003	1	{'hypothetical protein': 1}
GCF_002627265.1_00004	2	{'hypothetical protein': 2}
GCF_002627265.1_00006	2	{'hypothetical protein': 2}
GCF_002627265.1_00009	2	{'hypothetical protein': 2}
GCF_002627265.1_00010	4	{'hypothetical protein': 4}
GCF_002627265.1_00011	2	{'hypothetical protein': 2}
GCF_002627265.1_00013	2	{'hypothetical protein': 2}
GCF_002627925.1_00027	2	{'ATP-dependent DNA ligase': 1, 'DNA ligase': 1}
GCF_002627925.1_00030	3	{'hypothetical protein': 3}
GCF_002628205.1_00016	2	{'hypothetical protein': 2}
GCF_002628205.1_00017	2	{'endonuclease VII': 2}
GCF_002997375.1_00021	29	{'putative HNH endonuclease': 1, 'hypothetical protein': 9, 'endonuclease VII': 8, 'endonuclease': 1, 'recombination endonuclease VII': 4, 'tail fiber protein': 1, 'putative DNA exonuclease': 1, 'putative DNA endonuclease': 4}
GCF_002997375.1_00023	1	{'hypothetical protein': 1}
GCF_002997375.1_00025	1	{'deoxynucleoside monophosphate kinase': 1}
GCF_003014195.1_00075	63	{'hypothetical protein': 53, 'lysozyme-like protein': 1, 'hypothetical protein [Escherichia phage PMBT]': 1, '16.5 kDa protein': 1, 'putative structural protein': 4, 'gp69': 1, 'structural protein': 2}
GCF_003093955.1_00001	2	{'hypothetical protein': 2}
GCF_003093955.1_00002	1	{'hypothetical protein': 1}
GCF_003093955.1_00005	6	{'hypothetical protein': 6}
GCF_003093955.1_00046	2	{'hypothetical protein': 2}
GCF_003093955.1_00047	6	{'lysozyme': 3, 'hypothetical protein': 3}
GCF_003093975.1_00001	1	{'hypothetical protein': 1}
GCF_003093975.1_00003	1	{'hypothetical protein': 1}
GCF_003991785.1_00020	1	{'hypothetical protein': 1}
GCF_003991785.1_00021	1	{'hypothetical protein': 1}
GCF_004146665.1_00018	1	{'ATP-binding protein': 1}
GCF_004146665.1_00023	1	{'hypothetical protein': 1}
GCF_004146665.1_00024	7	{'exonuclease': 2, 'hypothetical protein': 5}
GCF_004146665.1_00029	2	{'hypothetical protein': 2}
GCF_004367775.1_00006	22	{'hypothetical protein': 22}
GCF_004521515.1_00046	4	{'DNA-directed RNA polymerase': 1, 'hypothetical protein': 1, 'T7-like ssDNA binding protein': 1, 'Gp2.5-like ssDNA binding protein and ssDNA annealing protein': 1}
GCF_004521515.1_00050	1	{'hypothetical protein': 1}
GCF_004521515.1_00052	1	{'hypothetical protein': 1}
GCF_004521515.1_00054	1	{'hypothetical protein': 1}
GCF_004521515.1_00055	1	{'hypothetical protein': 1}
